user,rec,score
0,168,5.9547825
0,1578,5.872963
0,645,5.8668
0,1111,5.8597093
0,11,5.6660953
0,283,5.6043596
0,527,5.5571465
0,749,5.529605
0,1238,5.518627
0,188,5.5154886
0,342,5.504569
0,170,5.4958816
0,897,5.4879146
0,406,5.4368496
0,1114,5.4020057
0,1124,5.353535
0,291,5.3061886
0,481,5.263599
0,706,5.263356
0,511,5.23742
1,252,4.9955564
1,473,4.9837413
1,749,4.9414973
1,235,4.8710375
1,714,4.8556595
1,849,4.824243
1,59,4.7830286
1,1124,4.778587
1,1382,4.7616587
1,309,4.749342
1,768,4.74177
1,1012,4.7280545
1,848,4.7252083
1,948,4.725144
1,809,4.7098303
1,55,4.70481
1,514,4.694371
1,159,4.6879845
1,344,4.6755157
1,971,4.6587405
2,342,6.0992713
2,650,5.848671
2,283,5.532264
2,645,5.457633
2,949,5.433078
2,127,5.4111366
2,11,5.3270845
2,899,5.2486777
2,113,5.242319
2,1111,5.2408605
2,587,5.235032
2,582,5.216101
2,47,5.146063
2,406,5.1434064
2,1146,5.120447
2,897,5.116053
2,194,5.1110973
2,309,5.094049
2,1117,5.080077
2,1578,5.0718694
3,1485,5.2663713
3,1330,4.9210467
3,858,4.871001
3,1430,4.8572574
3,1011,4.846489
3,601,4.8206286
3,1352,4.746036
3,355,4.7342277
3,789,4.697895
3,1190,4.6912217
3,928,4.645671
3,636,4.637889
3,642,4.6050024
3,631,4.596307
3,605,4.54789
3,1441,4.534953
3,652,4.525836
3,133,4.48741
3,613,4.4739194
3,178,4.469749
4,937,6.0832596
4,498,6.0118036
4,1140,5.9448524
4,789,5.89562
4,18,5.869997
4,342,5.857091
4,807,5.8446913
4,691,5.840751
4,518,5.835844
4,1077,5.7120876
4,951,5.657727
4,337,5.617554
4,1118,5.6061134
4,47,5.5924296
4,833,5.5383625
4,652,5.518345
4,1496,5.5170493
4,698,5.5136967
4,1441,5.5069237
4,44,5.503294
5,505,5.1558437
5,250,4.9681416
5,155,4.913964
5,1441,4.913756
5,749,4.8564215
5,1261,4.8472476
5,482,4.8130584
5,1146,4.80121
5,939,4.75784
5,464,4.746619
5,971,4.7269487
5,809,4.7222714
5,1156,4.713113
5,1314,4.697115
5,58,4.6869564
5,476,4.6824636
5,766,4.663172
5,1055,4.662034
5,135,4.6606383
5,610,4.6587515
6,646,5.8166375
6,342,5.63497
6,942,5.5442233
6,1141,5.52832
6,914,5.513351
6,742,5.5013094
6,612,5.495997
6,1441,5.479173
6,1118,5.3793406
6,603,5.2933545
6,1190,5.2855644
6,913,5.280157
6,1282,5.2676864
6,1352,5.2599688
6,511,5.21813
6,701,5.153247
6,970,5.127031
6,630,5.0798697
6,123,5.0716906
6,526,5.055209
7,1118,5.2617397
7,1140,5.1796455
7,1330,5.1388702
7,212,5.093099
7,1190,4.9536614
7,691,4.8857117
7,241,4.849804
7,1272,4.8443604
7,313,4.8361197
7,937,4.835232
7,498,4.8014684
7,1220,4.7967877
7,270,4.7873225
7,984,4.7198553
7,970,4.716401
7,206,4.713252
7,418,4.7034817
7,954,4.6867485
7,1054,4.6676226
7,184,4.664484
8,998,6.3036056
8,528,6.19354
8,49,5.9805427
8,611,5.8074822
8,649,5.7998276
8,114,5.7668643
8,180,5.7196026
8,509,5.707876
8,172,5.6738296
8,518,5.66028
8,295,5.6532226
8,612,5.591439
8,122,5.532427
8,131,5.5297427
8,185,5.5265765
8,594,5.525869
8,1147,5.523111
8,434,5.515308
8,191,5.5044727
8,525,5.488655
9,1118,5.6763725
9,937,5.2889667
9,971,5.17549
9,342,5.168454
9,522,5.155967
9,766,4.9716225
9,385,4.9683547
9,537,4.877532
9,695,4.8341866
9,294,4.7841105
9,235,4.770384
9,688,4.7500377
9,862,4.709191
9,683,4.6945057
9,254,4.6841607
9,380,4.6649384
9,1444,4.622006
9,61,4.5970106
9,514,4.5937185
9,33,4.588301
10,198,5.3684235
10,344,5.314213
10,186,5.17113
10,609,5.154809
10,509,5.082066
10,41,5.0747733
10,210,5.0499177
10,541,5.041625
10,485,5.035377
10,655,5.031638
10,63,5.0292244
10,355,5.0054226
10,601,4.952573
10,1477,4.9402514
10,513,4.9349413
10,177,4.932826
10,523,4.929348
10,425,4.927184
10,521,4.9205174
10,639,4.8999796
11,18,5.7840676
11,1496,5.676045
11,1141,5.645203
11,489,5.6394606
11,1292,5.5960445
11,1441,5.557085
11,198,5.5428834
11,482,5.5338564
11,632,5.5245113
11,300,5.506958
11,914,5.494628
11,1436,5.462245
11,342,5.4497333
11,476,5.4239902
11,937,5.420582
11,283,5.416448
11,645,5.4144664
11,789,5.4139647
11,518,5.3706007
11,746,5.366555
12,1114,5.4446197
12,749,5.441035
12,47,5.288406
12,1578,5.2541428
12,610,5.217549
12,897,5.172959
12,1056,5.0984054
12,669,5.0632553
12,155,5.059709
12,809,5.050116
12,118,5.038898
12,423,5.0284395
12,168,5.0172534
12,90,5.003748
12,1111,4.968939
12,662,4.9347873
12,343,4.9176044
12,1370,4.9098816
12,611,4.891126
12,1099,4.864946
13,1118,4.8243065
13,1352,4.6076646
13,165,4.5706105
13,612,4.552704
13,97,4.450437
13,1582,4.3825984
13,688,4.349102
13,691,4.3450146
13,1485,4.3240013
13,1012,4.3196282
13,631,4.3016543
13,126,4.2975874
13,189,4.283969
13,1011,4.270605
13,613,4.267107
13,877,4.2504635
13,311,4.2274756
13,1566,4.2079687
13,1208,4.192134
13,5,4.182535
14,309,7.4398794
14,314,7.132801
14,113,6.986984
14,661,6.9184155
14,457,6.905454
14,547,6.8917003
14,1000,6.836056
14,197,6.821596
14,406,6.78695
14,295,6.755668
14,464,6.719701
14,726,6.709707
14,674,6.703448
14,644,6.6967993
14,388,6.6758413
14,643,6.6438637
14,536,6.5890336
14,58,6.5650983
14,770,6.5499396
14,60,6.5441313
15,479,5.0353966
15,1252,5.0102677
15,1220,4.9176636
15,135,4.894725
15,390,4.857951
15,316,4.818847
15,895,4.8085036
15,130,4.7928042
15,937,4.709331
15,1013,4.647327
15,1248,4.6457043
15,1159,4.6397834
15,376,4.6362367
15,1118,4.618762
15,97,4.6011906
15,1065,4.599955
15,494,4.5992913
15,1011,4.5977397
15,392,4.571092
15,604,4.5625253
16,165,5.60399
16,311,5.363369
16,1054,5.240571
16,188,5.2375946
16,1111,5.2292905
16,270,5.1562605
16,113,5.1180696
16,21,5.1041603
16,1226,5.076664
16,1010,5.0068164
16,915,4.980384
16,257,4.908105
16,55,4.908052
16,1092,4.8495183
16,1136,4.826064
16,168,4.8259645
16,169,4.8073697
16,832,4.7385263
16,526,4.7213173
16,189,4.7109966
17,165,5.6931467
17,1226,5.1999884
17,250,5.16323
17,311,5.1464305
17,1010,4.990195
17,21,4.93896
17,505,4.898516
17,417,4.8966756
17,527,4.8380003
17,971,4.801638
17,1106,4.7971663
17,900,4.7802315
17,611,4.7729793
17,1212,4.758433
17,1261,4.7503366
17,86,4.741385
17,264,4.7190237
17,128,4.6789856
17,513,4.677881
17,98,4.674675
18,342,6.1222157
18,951,5.454299
18,914,5.449183
18,1077,5.3572755
18,283,5.333861
18,807,5.2915907
18,1496,5.27775
18,789,5.2675714
18,1136,5.123919
18,82,5.0790854
18,1582,5.069133
18,255,5.0674214
18,628,5.0565267
18,313,5.055793
18,168,5.046357
18,673,5.0038633
18,491,4.996794
18,582,4.975254
18,1141,4.9596386
18,528,4.9577045
19,133,5.6510854
19,472,5.6131377
19,314,5.5641413
19,425,5.5523334
19,669,5.4770675
19,428,5.457436
19,1430,5.4480867
19,388,5.4304714
19,113,5.4256372
19,196,5.4245057
19,22,5.4230137
19,31,5.3901024
19,1330,5.346172
19,491,5.3410106
19,652,5.292734
19,13,5.2924533
19,202,5.272606
19,177,5.2716527
19,123,5.2414236
19,478,5.237841
20,311,6.048093
20,173,5.902126
20,270,5.8687487
20,316,5.8525844
20,1118,5.775281
20,21,5.641606
20,218,5.6205187
20,27,5.5886455
20,235,5.5186567
20,338,5.504563
20,203,5.438636
20,505,5.4284534
20,78,5.423997
20,227,5.4122834
20,1139,5.402861
20,81,5.3841715
20,714,5.293339
20,143,5.2882147
20,55,5.286601
20,509,5.2730184
21,1136,5.4002013
21,937,5.320356
21,1088,5.27789
21,100,5.221301
21,331,5.2141986
21,1123,5.0697465
21,939,5.0252347
21,1118,4.993583
21,643,4.9798307
21,1012,4.9775076
21,849,4.976471
21,1485,4.9458575
21,311,4.8868117
21,428,4.8819475
21,329,4.877093
21,805,4.861808
21,479,4.8506937
21,250,4.8203936
21,587,4.7942953
21,189,4.780519
22,250,5.7114954
22,165,5.3391213
22,308,5.3045297
22,1010,5.2339764
22,611,5.161175
22,168,5.0918255
22,1226,5.0262227
22,1123,4.980503
22,527,4.9579616
22,582,4.8167033
22,311,4.805972
22,171,4.8055296
22,21,4.801666
22,330,4.6930547
22,173,4.6796675
22,1049,4.674737
22,1212,4.6713333
22,264,4.6681576
22,11,4.6566215
22,209,4.6342907
23,849,5.7616644
23,1254,5.600811
23,749,5.5870066
23,1430,5.562698
23,897,5.5098057
23,848,5.4803843
23,1330,5.4544497
23,1146,5.4184713
23,669,5.412698
23,948,5.396386
23,59,5.293291
23,505,5.2757287
23,178,5.2205753
23,283,5.2044954
23,831,5.2025776
23,949,5.193055
23,1111,5.168669
23,587,5.143961
23,610,5.1183004
23,516,5.1038766
24,587,5.8170176
24,1330,5.7757683
24,849,5.555864
24,18,5.5412717
24,1430,5.532723
24,155,5.5298967
24,901,5.4985657
24,314,5.487903
24,273,5.417427
24,1011,5.341381
24,949,5.308034
24,1094,5.3054714
24,1124,5.249194
24,599,5.2435346
24,1525,5.2378125
24,529,5.210127
24,674,5.2056875
24,123,5.2031784
24,1146,5.189435
24,669,5.1781616
25,250,5.2618995
25,476,5.2553678
25,193,5.1453195
25,801,5.09218
25,949,5.0532994
25,431,5.0143166
25,114,4.9161043
25,954,4.860863
25,295,4.838367
25,309,4.7952585
25,501,4.7923326
25,658,4.7769074
25,518,4.7699857
25,636,4.758193
25,1158,4.7499757
25,222,4.7437
25,897,4.7401185
25,191,4.735442
25,1124,4.715502
25,245,4.6963167
26,18,5.272178
26,8,5.2698407
26,342,4.9746256
26,897,4.88152
26,55,4.871916
26,901,4.8522224
26,47,4.8410077
26,1382,4.7846427
26,522,4.783514
26,645,4.7779484
26,714,4.7738357
26,155,4.722081
26,1146,4.7086773
26,235,4.7008276
26,587,4.6824436
26,489,4.6761765
26,578,4.674504
26,44,4.658178
26,610,4.6567836
26,59,4.609104
27,132,5.3469186
27,652,5.2398796
27,611,5.111804
27,512,5.0334787
27,344,5.030729
27,914,4.843904
27,168,4.810326
27,485,4.784826
27,639,4.7845783
27,495,4.771143
27,200,4.748874
27,526,4.7212796
27,483,4.6991878
27,610,4.692522
27,998,4.6842937
27,609,4.6827254
27,1352,4.666735
27,250,4.6658854
27,164,4.601084
27,355,4.595791
28,283,5.957128
28,99,5.8606997
28,509,5.7524476
28,1111,5.748119
28,511,5.71496
28,342,5.700805
28,481,5.673763
28,13,5.5763693
28,1430,5.5616446
28,1525,5.5431156
28,520,5.5352006
28,123,5.526528
28,863,5.5195885
28,177,5.5174546
28,1441,5.49889
28,601,5.459576
28,645,5.45076
28,316,5.446209
28,654,5.439403
28,58,5.4281063
29,250,5.216271
29,316,5.067933
29,476,5.0351768
29,1156,4.8039284
29,1441,4.780529
29,831,4.771497
29,392,4.6987233
29,482,4.692321
29,1010,4.6915
29,135,4.6432514
29,1220,4.612265
29,937,4.60982
29,165,4.6071906
29,1146,4.6066346
29,939,4.6064386
29,189,4.6015964
29,222,4.587055
29,6,4.5858755
29,1485,4.581033
29,522,4.5683904
30,1012,6.249769
30,522,6.038279
30,428,5.873601
30,719,5.827347
30,390,5.8179145
30,1282,5.7785945
30,680,5.7006283
30,1013,5.692899
30,1190,5.6580467
30,306,5.650545
30,536,5.570288
30,603,5.532955
30,691,5.5204473
30,1181,5.505835
30,1485,5.505327
30,1231,5.4936633
30,954,5.479224
30,363,5.4619493
30,56,5.437846
30,60,5.431954
31,652,5.8332715
31,789,5.716088
31,198,5.706549
31,523,5.6736093
31,1496,5.6122518
31,1485,5.5927076
31,179,5.47333
31,601,5.4165583
31,1012,5.3945923
31,176,5.394025
31,1330,5.335552
31,41,5.2783237
31,1430,5.276754
31,191,5.26327
31,1129,5.2608147
31,1352,5.2498283
31,199,5.1839647
31,651,5.1119075
31,300,5.0986443
31,659,5.084629
32,55,6.06356
32,1430,6.0190134
32,527,5.9451013
32,996,5.922136
32,113,5.905386
32,1254,5.7007914
32,1089,5.6662083
32,309,5.636733
32,661,5.6277585
32,911,5.5832424
32,851,5.578872
32,848,5.566961
32,609,5.5475516
32,250,5.5328927
32,388,5.512002
32,1330,5.507217
32,318,5.503509
32,1130,5.5014086
32,245,5.4905543
32,1056,5.4841356
33,126,5.515731
33,646,5.4523005
33,186,5.3529444
33,198,5.315345
33,1352,5.2948365
33,184,5.2402906
33,509,5.218763
33,609,5.1676025
33,541,5.1438046
33,601,5.097789
33,1477,5.0854673
33,659,5.0799704
33,177,5.078042
33,425,5.0723996
33,521,5.0657334
33,132,5.0598574
33,655,5.051862
33,639,5.0364056
33,13,5.024856
33,485,5.0111084
34,479,5.663657
34,1036,5.1002264
34,486,5.06106
34,1485,5.0464044
34,652,4.9983373
34,523,4.949814
34,604,4.9353857
34,271,4.9306283
34,937,4.9004188
34,636,4.8777165
34,858,4.8769546
34,638,4.8717227
34,335,4.8605437
34,355,4.860087
34,609,4.845178
34,1441,4.833796
34,135,4.8266506
34,545,4.8228416
34,882,4.814573
34,1330,4.789249
35,55,5.4042926
35,849,4.977277
35,848,4.957279
35,939,4.948093
35,1146,4.908195
35,1088,4.9048824
35,47,4.89619
35,1254,4.8659735
35,155,4.8124757
35,476,4.772585
35,587,4.7704997
35,809,4.7269926
35,331,4.7177176
35,178,4.6902285
35,1049,4.666691
35,189,4.6571474
35,467,4.640957
35,479,4.6246004
35,536,4.612166
35,516,4.6076326
36,522,5.3519793
36,1012,5.3040752
36,1485,5.223412
36,1118,5.0804
36,1282,5.0284395
36,290,5.008606
36,376,4.939769
36,1292,4.9025683
36,514,4.8766303
36,719,4.867181
36,342,4.858024
36,1441,4.827522
36,913,4.8237543
36,1190,4.8056173
36,970,4.792714
36,1013,4.7782893
36,462,4.7647114
36,243,4.7596307
36,317,4.7448483
36,427,4.737066
37,165,5.684433
37,1182,5.3556824
37,1118,5.152063
37,311,5.0584664
37,168,4.910106
37,250,4.893221
37,738,4.7742534
37,751,4.7656703
37,160,4.736602
37,942,4.7037487
37,494,4.692106
37,392,4.6802583
37,228,4.666506
37,1123,4.63008
37,270,4.6204724
37,400,4.617271
37,171,4.605328
37,188,4.59769
37,731,4.5917997
37,326,4.538345
38,1441,5.266446
38,1485,5.11908
38,482,4.9684863
38,1352,4.827441
38,1330,4.7950516
38,601,4.7915726
38,177,4.72745
38,184,4.7188005
38,1013,4.6118956
38,300,4.603101
38,1141,4.5865984
38,168,4.559498
38,1012,4.5417624
38,113,4.541
38,1292,4.531666
38,863,4.510545
38,858,4.505666
38,609,4.5053997
38,1055,4.499077
38,957,4.4931636
39,165,5.983984
39,295,5.41625
39,759,5.3744874
39,1207,5.281165
39,1054,5.240387
39,314,5.2388854
39,158,5.213062
39,97,5.2046742
39,1033,5.1935234
39,316,5.193522
39,113,5.1840925
39,168,5.1796036
39,954,5.163848
39,509,5.1547174
39,124,5.1449585
39,292,5.1442933
39,189,5.139839
39,406,5.120835
39,218,5.117723
39,1112,5.077129
40,343,6.1136093
40,732,5.916722
40,392,5.7615786
40,1441,5.7262297
40,1118,5.63668
40,749,5.622256
40,376,5.545591
40,482,5.4282703
40,631,5.309124
40,957,5.286404
40,655,5.2679787
40,84,5.2032647
40,1220,5.1951003
40,494,5.1829896
40,1140,5.1764235
40,511,5.141091
40,513,5.1376057
40,0,5.1095333
40,168,5.092882
40,123,5.09041
41,937,6.0593605
41,1118,5.688962
41,226,5.601021
41,498,5.5786314
41,479,5.4671073
41,256,5.3274317
41,647,5.3023024
41,1036,5.2675877
41,392,5.256982
41,221,5.234561
41,611,5.1658707
41,337,5.128684
41,183,5.0954285
41,998,5.086957
41,862,5.0755215
41,18,5.0381956
41,687,5.031624
41,1012,5.028257
41,688,5.004367
41,571,5.003157
42,1254,5.189271
42,1485,5.1641
42,1330,4.877988
42,849,4.812815
42,636,4.811029
42,1430,4.8107247
42,1055,4.8084903
42,126,4.7971845
42,355,4.786934
42,487,4.785459
42,895,4.7418914
42,503,4.7317147
42,601,4.7114124
42,848,4.7018237
42,212,4.6690655
42,406,4.642692
42,165,4.6425753
42,1013,4.6405244
42,478,4.61555
42,957,4.613576
43,1330,6.043375
43,1430,5.8467116
43,1485,5.6478267
43,1254,5.600559
43,123,5.551282
43,1525,5.5258617
43,196,5.481048
43,426,5.4199567
43,428,5.417217
43,55,5.399141
43,503,5.3000755
43,136,5.296977
43,58,5.288553
43,511,5.273361
43,197,5.2664647
43,1094,5.257325
43,406,5.2531023
43,1124,5.2501163
43,1411,5.244505
43,59,5.2392673
44,165,5.2521777
44,250,5.2320538
44,168,5.2144203
44,611,5.1877875
44,188,5.141655
44,1156,5.100435
44,766,5.0059977
44,688,4.962786
44,714,4.9543686
44,484,4.943297
44,113,4.9419184
44,514,4.8963857
44,1444,4.8947167
44,406,4.8869386
44,607,4.804145
44,741,4.7831106
44,1010,4.782813
44,316,4.7341013
44,749,4.733521
44,1429,4.7290745
45,221,5.4238567
45,587,5.356863
45,1092,5.2414937
45,777,5.2139306
45,250,5.2109685
45,650,5.2101345
45,194,5.2031217
45,1146,5.1790013
45,256,5.147542
45,1111,5.070156
45,63,5.0371757
45,453,5.0290723
45,314,5.003563
45,15,4.9688916
45,529,4.9489255
45,541,4.921481
45,113,4.9178586
45,527,4.9067535
45,355,4.8790736
45,190,4.878667
46,173,5.516407
46,295,5.3959875
46,171,5.2552257
46,63,5.21973
46,649,5.214662
46,49,5.1895723
46,528,5.114979
46,55,5.0833454
46,21,5.068307
46,190,5.068199
46,165,5.06346
46,97,5.041851
46,509,4.9619784
46,180,4.951469
46,189,4.942428
46,954,4.931072
46,191,4.9031277
46,529,4.892581
46,215,4.8819904
46,185,4.8723745
47,165,4.8762207
47,218,4.8011355
47,113,4.530249
47,311,4.4587965
47,173,4.4479523
47,132,4.417623
47,100,4.3328013
47,63,4.324819
47,126,4.3223925
47,485,4.317023
47,78,4.311765
47,209,4.308058
47,609,4.214921
47,639,4.211045
47,171,4.193918
47,612,4.193304
47,55,4.182534
47,250,4.171442
47,316,4.1688013
47,295,4.1537175
48,1118,4.7535768
48,432,4.338992
48,914,4.314766
48,360,4.2736783
48,1582,4.222129
48,165,4.2103786
48,495,4.167048
48,344,4.151501
48,201,4.057339
48,113,3.9945638
48,1181,3.9859073
48,181,3.9784462
48,468,3.9521139
48,1205,3.9078634
48,714,3.8987722
48,850,3.879513
48,294,3.8789952
48,47,3.8703036
48,639,3.8557656
48,303,3.8550973
49,611,4.6838903
49,316,4.6620708
49,494,4.646015
49,49,4.513599
49,97,4.513328
49,171,4.4884586
49,646,4.4131184
49,168,4.390922
49,198,4.3897123
49,0,4.3881154
49,732,4.370049
49,96,4.3575478
49,173,4.3493223
49,1394,4.348775
49,132,4.347106
49,165,4.3105116
49,135,4.2919083
49,376,4.280111
49,526,4.260606
49,1118,4.235227
50,777,5.055092
50,165,4.975868
50,1092,4.8529677
50,1111,4.7858977
50,298,4.780345
50,311,4.728689
50,248,4.7275667
50,1182,4.6745954
50,1226,4.5885196
50,1146,4.5849223
50,505,4.5658574
50,324,4.460512
50,250,4.458634
50,189,4.4506154
50,65,4.4408145
50,168,4.42712
50,1244,4.417164
50,392,4.391327
50,792,4.3738675
50,1032,4.3728375
51,1118,5.865591
51,1582,5.2179832
51,1205,5.0510573
51,432,5.0429287
51,294,5.0221896
51,862,4.8661256
51,360,4.8378725
51,1572,4.8326254
51,165,4.7831583
51,113,4.693627
51,1537,4.6816006
51,1140,4.6481037
51,495,4.6388607
51,82,4.633129
51,1576,4.603241
51,189,4.590214
51,268,4.576545
51,316,4.5374994
51,1402,4.5282946
51,1208,4.520743
52,1430,6.4925847
52,1330,6.439992
52,1114,5.906264
52,915,5.7490697
52,645,5.733363
52,949,5.674115
52,388,5.663649
52,897,5.626314
52,284,5.6137433
52,176,5.567769
52,662,5.557386
52,1254,5.534251
52,1485,5.5310206
52,406,5.5303044
52,601,5.527706
52,893,5.5199976
52,669,5.5179815
52,849,5.489528
52,113,5.4831314
52,1145,5.4550037
53,1012,5.2499804
53,522,4.8957796
53,1158,4.8678327
53,18,4.779305
53,255,4.7225733
53,41,4.714503
53,428,4.6707764
53,63,4.6448283
53,250,4.6340237
53,789,4.6259327
53,1282,4.6149616
53,691,4.6054745
53,132,4.584348
53,1231,4.5388746
53,914,4.5357575
53,632,4.5328126
53,611,4.51921
53,1385,4.506249
53,1190,4.4944134
53,646,4.4864388
54,250,5.8757114
54,587,5.8639317
54,309,5.767621
54,1146,5.7050266
54,147,5.642155
54,954,5.610459
54,295,5.6097064
54,142,5.605156
54,749,5.567909
54,1136,5.548633
54,770,5.4857903
54,658,5.476645
54,314,5.4748826
54,194,5.4100976
54,741,5.352678
54,1123,5.347065
54,428,5.329029
54,1485,5.305724
54,683,5.2984385
54,281,5.2649918
55,1220,5.2237463
55,1111,5.2161493
55,342,5.188956
55,283,5.1872573
55,13,5.150308
55,472,5.0898104
55,1578,5.056714
55,511,5.014844
55,188,4.96339
55,1174,4.9475226
55,749,4.9470487
55,177,4.9205165
55,654,4.9201527
55,481,4.910965
55,343,4.8639092
55,491,4.8300776
55,223,4.8267016
55,494,4.82589
55,510,4.8235593
55,1430,4.8121767
56,311,5.286732
56,95,5.2564507
56,447,5.2382293
56,414,5.1584573
56,942,5.1316514
56,165,5.102249
56,147,5.0733266
56,1118,5.029765
56,236,4.9929075
56,214,4.9752975
56,1054,4.9739866
56,131,4.9401927
56,289,4.929478
56,250,4.900804
56,225,4.8984456
56,750,4.8906555
56,734,4.8878937
56,1016,4.882633
56,270,4.8818083
56,611,4.871069
57,1441,5.276523
57,1292,5.2334914
57,632,5.196271
57,482,5.188315
57,531,5.1245885
57,897,5.0940747
57,496,5.086424
57,316,5.0562086
57,8,5.0307183
57,18,5.0228624
57,477,4.9754324
57,1141,4.966881
57,478,4.963415
57,123,4.9345427
57,283,4.87202
57,522,4.8678455
57,509,4.8627563
57,342,4.857263
57,1496,4.846501
57,1485,4.836141
58,970,4.8117757
58,1220,4.7914886
58,1141,4.7432914
58,601,4.709717
58,511,4.651726
58,177,4.645595
58,481,4.6240726
58,1118,4.6230516
58,1441,4.6136427
58,343,4.544965
58,478,4.5424995
58,1190,4.514391
58,1330,4.4988513
58,342,4.4977064
58,477,4.4165983
58,13,4.4089193
58,602,4.4043655
58,646,4.380586
58,184,4.3798485
58,1485,4.371554
59,218,5.9495187
59,165,5.85915
59,126,5.5801744
59,456,5.5798984
59,316,5.578306
59,311,5.5556707
59,270,5.518154
59,505,5.3909645
59,394,5.339837
59,198,5.3212624
59,509,5.3020544
59,536,5.2468023
59,192,5.2385855
59,96,5.234969
59,933,5.226183
59,113,5.2056246
59,601,5.1725616
59,274,5.169979
59,86,5.165099
59,1485,5.1590347
60,390,6.4626236
60,1000,6.230527
60,1013,6.2242413
60,1159,6.221925
60,954,6.2211843
60,604,6.2045636
60,1035,6.199914
60,154,6.1880484
60,130,6.1252594
60,285,6.0920024
60,487,6.054304
60,631,6.00585
60,916,5.966161
60,1252,5.9047375
60,1030,5.8885894
60,636,5.8443775
60,1485,5.832971
60,545,5.8311386
60,363,5.827861
60,643,5.8205957
61,428,5.427007
61,1330,5.4080634
61,509,5.2598352
61,1485,5.2000313
61,1430,5.1650186
61,425,5.065804
61,464,5.010659
61,126,4.9685163
61,388,4.898525
61,849,4.8947425
61,742,4.87876
61,1525,4.8701077
61,1094,4.8695207
61,1254,4.8623533
61,1055,4.8444214
61,191,4.8221
61,133,4.792194
61,196,4.783629
61,204,4.7815175
61,481,4.776899
62,611,5.549519
62,132,5.5101857
62,165,5.478863
62,612,5.470126
62,126,5.2631564
62,501,5.2418113
62,609,5.241579
62,485,5.2004695
62,998,5.122008
62,198,5.109142
62,5,5.099958
62,100,5.066325
62,277,5.065612
62,311,5.0655165
62,355,5.0547976
62,639,5.0462613
62,295,5.0371647
62,186,4.9995966
62,168,4.985249
62,1264,4.9843254
63,126,5.8394
63,186,5.6766133
63,184,5.5639606
63,63,5.4981084
63,177,5.40171
63,425,5.396069
63,168,5.3456426
63,601,5.3151946
63,198,5.3122835
63,659,5.2566814
63,132,5.2476306
63,179,5.2445726
63,609,5.229896
63,655,5.225381
63,639,5.2144957
63,113,5.1815515
63,509,5.1746964
63,1477,5.171684
63,512,5.1555853
63,494,5.151986
64,511,5.643804
64,970,5.605047
64,605,5.573426
64,1220,5.5670204
64,645,5.5269256
64,342,5.48469
64,749,5.4712996
64,528,5.44855
64,1578,5.401507
64,291,5.3616977
64,1111,5.3071
64,509,5.3019295
64,164,5.2375445
64,1124,5.207253
64,602,5.1991205
64,1140,5.1663504
64,915,5.1028495
64,913,5.1016855
64,1141,5.0949926
64,1238,5.0799985
65,314,6.2536144
65,113,6.017678
65,478,5.7344713
65,511,5.6969433
65,342,5.6873703
65,313,5.5724688
65,425,5.541685
65,177,5.5346155
65,1330,5.446241
65,428,5.3443294
65,388,5.268606
65,650,5.2495537
65,1220,5.227751
65,587,5.161015
65,22,5.143352
65,642,5.1166005
65,29,5.115194
65,1174,5.110003
65,196,5.107738
65,189,5.100715
66,1254,5.203691
66,1330,5.0101132
66,55,4.8840604
66,1430,4.864083
66,749,4.8341093
66,714,4.7707825
66,428,4.691984
66,1106,4.6590333
66,273,4.6438804
66,848,4.618679
66,113,4.6152096
66,1485,4.582269
66,503,4.579564
66,261,4.5778666
66,99,4.574009
66,58,4.554334
66,661,4.5466433
66,197,4.5453315
66,1124,4.524057
66,222,4.5026636
67,295,5.5681934
67,1330,5.549635
67,314,5.472521
67,529,5.4208326
67,316,5.405514
67,1485,5.3717637
67,428,5.3142257
67,954,5.3124566
67,587,5.3101788
67,1430,5.30659
67,1146,5.2791386
67,897,5.26344
67,949,5.2371755
67,250,5.20526
67,47,5.2030387
67,309,5.19427
67,464,5.190234
67,736,5.1858926
67,425,5.158418
67,644,5.149316
68,612,6.5331764
68,165,6.321365
68,5,6.123183
68,541,5.9354763
68,132,5.8502607
68,63,5.7699633
68,188,5.7665806
68,646,5.6879497
68,1181,5.676402
68,528,5.654625
68,55,5.6496577
68,295,5.623993
68,1208,5.602671
68,99,5.6002507
68,113,5.599157
68,355,5.598262
68,659,5.5911818
68,655,5.578641
68,162,5.5750165
68,1582,5.570761
69,344,5.815589
69,541,5.472208
69,132,5.434351
69,609,5.4141197
69,113,5.36546
69,848,5.3388944
69,527,5.285861
69,63,5.259015
69,165,5.255652
69,485,5.230636
69,655,5.196226
69,168,5.1412163
69,1111,5.1234016
69,513,5.111157
69,267,5.0966926
69,178,5.095718
69,164,5.0893564
69,355,5.083746
69,90,5.070956
69,314,5.053865
70,192,5.148928
70,517,4.830943
70,179,4.7217145
70,509,4.4334016
70,113,4.406714
70,177,4.2943254
70,191,4.291054
70,63,4.0774336
70,425,3.952412
70,701,3.9029205
70,127,3.900627
70,1477,3.8251367
70,478,3.7943156
70,1129,3.7609303
70,184,3.7278101
70,291,3.7176483
70,650,3.7060225
70,441,3.6996243
70,156,3.6900403
70,528,3.6257691
71,1485,5.1522007
71,63,5.088583
71,509,5.0487757
71,126,5.012883
71,425,4.986543
71,133,4.9358535
71,1330,4.915596
71,1441,4.9125876
71,481,4.8935113
71,521,4.8732553
71,311,4.872618
71,1352,4.856611
71,283,4.8363895
71,1411,4.8075304
71,99,4.790577
71,1190,4.7895966
71,478,4.7757854
71,654,4.749177
71,659,4.72031
71,29,4.718158
72,97,5.7729654
72,1054,5.5234656
72,316,5.460383
72,1118,5.36903
72,494,5.3526745
72,355,5.329257
72,649,5.2765956
72,78,5.2469225
72,21,5.1939735
72,928,5.189769
72,215,5.1620474
72,96,5.141036
72,173,5.139059
72,209,5.0764694
72,27,5.075122
72,229,5.02504
72,369,4.982461
72,612,4.9674063
72,241,4.9410625
72,653,4.9331255
73,1011,6.28943
73,1118,6.2207384
73,498,6.159569
73,479,6.135433
73,1485,6.1348476
73,316,6.084492
73,642,6.0671763
73,1092,6.0051093
73,631,5.9814334
73,96,5.973589
73,691,5.9641
73,937,5.939945
73,637,5.9213357
73,486,5.9046707
73,858,5.8533072
73,376,5.8296447
73,895,5.826267
73,1330,5.8108187
73,1475,5.810176
73,133,5.763048
74,344,5.521406
74,198,5.39777
74,523,5.139499
74,609,5.134545
74,184,5.0528803
74,655,5.028807
74,179,5.02109
74,527,4.9968514
74,639,4.9835486
74,168,4.9683414
74,509,4.9437494
74,601,4.910379
74,132,4.909704
74,848,4.9068804
74,1477,4.8980565
74,177,4.890631
74,425,4.884989
74,165,4.8688793
74,528,4.8472047
74,191,4.81103
75,250,5.4281387
75,311,5.2701173
75,165,5.2617755
75,270,5.0660095
75,392,4.8560286
75,295,4.8041353
75,189,4.7651258
75,209,4.729536
75,401,4.6958094
75,494,4.6827836
75,169,4.666807
75,1182,4.6439486
75,168,4.609633
75,937,4.583801
75,1139,4.58089
75,732,4.568387
75,1112,4.5603952
75,1255,4.5594125
75,283,4.5191817
75,204,4.5084095
76,165,6.0719347
76,63,5.7375717
76,295,5.38641
76,160,5.3003793
76,113,5.272043
76,168,5.267555
76,292,5.2112465
76,406,5.2087865
76,158,5.1832223
76,1207,5.1748233
76,759,5.1369867
76,954,5.1340075
76,296,5.1263485
76,192,5.114788
76,1033,5.089757
76,487,5.066386
76,660,5.0075703
76,280,5.0057793
76,188,5.0025043
76,65,4.934663
77,1124,6.293185
77,645,6.215487
77,1581,6.1658363
77,578,6.02132
77,714,5.983726
77,1578,5.909935
77,99,5.879056
77,1075,5.872709
77,1382,5.85015
77,741,5.7873416
77,47,5.755698
77,1444,5.729423
77,749,5.707228
77,688,5.705365
77,461,5.66964
77,915,5.667215
77,432,5.659958
77,809,5.6466475
77,955,5.641589
77,766,5.6407557
78,68,4.725257
78,201,4.6337004
78,27,4.395748
78,1054,4.344671
78,1118,4.0909514
78,21,4.082106
78,735,4.0715685
78,1220,4.062231
78,587,4.029363
78,227,4.015803
78,316,3.9056237
78,163,3.8681538
78,173,3.8332148
78,72,3.829432
78,78,3.787581
78,160,3.7551208
78,270,3.7371988
78,566,3.6761193
78,214,3.670692
78,169,3.6482522
79,192,5.712963
79,1220,5.5116634
79,897,5.463
79,441,5.437008
79,642,5.386015
79,196,5.353772
79,602,5.3472238
79,313,5.297334
79,184,5.2829123
79,177,5.2822723
79,517,5.2541733
79,478,5.2349186
79,1118,5.192921
79,505,5.1899214
79,732,5.189547
79,486,5.1864247
79,1190,5.1763206
79,130,5.1206193
79,749,5.1037374
79,587,5.0641546
80,1352,5.3723016
80,1441,5.304885
80,300,5.1933537
80,1581,5.075963
80,714,5.0376544
80,613,5.031744
80,1485,5.026704
80,1141,5.000838
80,241,4.9718776
80,1118,4.9307623
80,955,4.9273834
80,1292,4.907494
80,1444,4.8737416
80,631,4.855806
80,1578,4.8531485
80,688,4.8434134
80,1582,4.7871532
80,698,4.7749076
80,482,4.77308
80,118,4.757209
81,1118,5.574819
81,390,5.498389
81,1182,5.4353547
81,494,5.4083257
81,400,5.298288
81,130,5.2718987
81,21,5.27167
81,1485,5.266363
81,466,5.2213917
81,861,5.2148504
81,97,5.154479
81,363,5.1433787
81,689,5.139907
81,63,5.139801
81,643,5.128324
81,735,5.103285
81,1252,5.1007385
81,160,5.0795374
81,1248,5.0641184
81,683,5.0251794
82,428,5.6901045
82,1485,5.66493
82,464,5.5364075
82,643,5.4363093
82,742,5.326732
82,1182,5.3156753
82,58,5.2784243
82,893,5.2564144
82,1093,5.2140923
82,426,5.205965
82,749,5.1615086
82,1261,5.1303415
82,1248,5.119461
82,113,5.116701
82,1092,5.1108084
82,388,5.094001
82,135,5.070361
82,397,5.0605993
82,510,5.058068
82,1220,5.0496
83,459,6.0339127
83,606,6.030935
83,355,6.014665
83,505,5.9676256
83,527,5.885614
83,749,5.880157
83,271,5.837864
83,731,5.7362432
83,25,5.7069073
83,928,5.630711
83,155,5.5453243
83,170,5.43465
83,113,5.390173
83,1111,5.3890586
83,97,5.378988
83,545,5.377744
83,709,5.3545675
83,609,5.336174
83,541,5.3218513
83,915,5.318875
84,250,5.5210958
84,49,5.412521
84,172,5.3484006
84,168,5.2870684
84,175,5.198832
84,126,5.1626763
84,171,5.1592593
84,198,5.121584
84,11,5.090397
84,611,5.08167
84,283,5.0383964
84,518,5.0263247
84,316,4.9986377
84,182,4.9825544
84,204,4.9780707
84,355,4.9656253
84,41,4.940055
84,523,4.902373
84,179,4.831192
84,481,4.8246202
85,132,6.4570513
85,303,5.5801444
85,113,5.5710382
85,1181,5.492384
85,218,5.4731255
85,432,5.456685
85,63,5.365608
85,165,5.2575927
85,188,5.138273
85,731,5.0858383
85,639,5.0850716
85,168,5.0434976
85,513,5.03475
85,774,5.030885
85,914,5.013559
85,742,5.0101795
85,646,4.9973297
85,1012,4.9900117
85,495,4.9376893
85,512,4.9265223
86,1111,4.5730376
86,165,4.4854336
86,99,4.4811316
86,1330,4.407842
86,541,4.3968115
86,314,4.396753
86,599,4.3302236
86,311,4.278834
86,270,4.2347918
86,113,4.21975
86,1430,4.2168627
86,601,4.1983128
86,164,4.1948233
86,168,4.189221
86,1485,4.164969
86,612,4.1535397
86,283,4.1138253
86,1254,4.004036
86,169,4.002064
86,639,3.9962938
87,132,5.6900315
87,49,5.506072
87,113,5.5009227
87,168,5.487823
87,609,5.362945
87,0,5.358665
87,188,5.3531456
87,494,5.3453264
87,63,5.2954936
87,164,5.275274
87,186,5.2641726
87,485,5.2630033
87,611,5.2619677
87,97,5.23375
87,11,5.2196407
87,914,5.218358
87,481,5.191163
87,928,5.1658344
87,250,5.1646447
87,355,5.16309
88,168,5.993423
88,63,5.729125
88,291,5.6078515
88,113,5.581906
88,188,5.543416
88,177,5.5220103
88,165,5.519806
88,169,5.468413
88,494,5.4443145
88,491,5.3801384
88,11,5.37384
88,406,5.352519
88,97,5.3382664
88,702,5.334998
88,481,5.3272805
88,277,5.3255897
88,517,5.3108807
88,355,5.304418
88,296,5.294975
88,487,5.2897563
89,789,5.4738693
89,691,5.0259705
89,1330,5.0201373
89,746,4.938408
89,1141,4.872459
89,1190,4.846444
89,645,4.844419
89,176,4.796147
89,1272,4.759239
89,518,4.7588797
89,18,4.7519007
89,613,4.7424955
89,255,4.7366457
89,241,4.730266
89,56,4.711184
89,1485,4.710158
89,1496,4.6693606
89,1352,4.652262
89,342,4.65136
89,704,4.639783
90,1485,5.954826
90,1330,5.779402
90,1430,5.6966248
90,523,5.67638
90,601,5.640444
90,179,5.5778155
90,1011,5.5616965
90,176,5.55599
90,184,5.5416784
90,789,5.5381346
90,478,5.516963
90,479,5.511774
90,477,5.5033183
90,198,5.4994726
90,425,5.495702
90,55,5.484746
90,355,5.459005
90,126,5.4129853
90,691,5.3738093
90,196,5.33496
91,1118,6.9376974
91,100,6.109832
91,1012,5.8756156
91,895,5.6176853
91,268,5.566209
91,1485,5.5471745
91,218,5.5229754
91,937,5.507509
91,691,5.486537
91,1352,5.4681315
91,1136,5.458598
91,1582,5.430063
91,181,5.388314
91,688,5.381865
91,1054,5.3432775
91,331,5.3391614
91,126,5.29343
91,668,5.2699575
91,270,5.2669134
91,862,5.2653236
92,1012,4.651671
92,1352,4.371819
92,165,4.3676257
92,714,4.288096
92,456,4.218824
92,541,4.2072215
92,609,4.185342
92,485,4.1781325
92,235,4.1680217
92,506,4.1294327
92,261,4.1040115
92,611,4.097497
92,612,4.0858016
92,132,4.0795193
92,168,4.07511
92,164,4.0681767
92,613,4.031263
92,957,4.0065804
92,849,3.9936655
92,1485,3.9916751
93,652,6.059536
93,495,5.9702272
93,1352,5.8658204
93,208,5.614879
93,432,5.5341597
93,631,5.49452
93,1181,5.4655256
93,613,5.3303533
93,151,5.325877
93,604,5.3197894
93,500,5.3045588
93,178,5.16285
93,605,5.117933
93,636,5.115984
93,928,5.092987
93,174,5.0606885
93,1011,5.0568566
93,858,5.044628
93,830,5.002791
93,487,4.993989
94,113,6.199791
94,191,6.127457
94,126,6.0024734
94,179,5.9967265
94,127,5.8405824
94,186,5.730274
94,314,5.6740203
94,156,5.6065435
94,650,5.594391
94,1129,5.5779676
94,1117,5.4367924
94,1477,5.318319
94,22,5.299172
94,177,5.2792253
94,192,5.2193556
94,509,5.1950355
94,524,5.1828227
94,168,5.177535
94,523,5.173761
94,526,5.1096506
95,165,5.21146
95,113,4.656226
95,1013,4.5370674
95,1054,4.534252
95,1485,4.4282722
95,1012,4.4084797
95,188,4.3866873
95,168,4.3379498
95,192,4.321806
95,661,4.3212523
95,295,4.308898
95,198,4.2990365
95,428,4.2648535
95,86,4.248319
95,612,4.224173
95,406,4.213137
95,355,4.21039
95,314,4.2016973
95,643,4.199651
95,485,4.186501
96,168,4.9495516
96,1010,4.9145494
96,171,4.905127
96,172,4.8380504
96,355,4.798888
96,609,4.764396
96,11,4.752881
96,832,4.7381577
96,277,4.623903
96,1114,4.611722
96,47,4.59531
96,652,4.5803
96,891,4.5513024
96,645,4.5502563
96,611,4.544933
96,513,4.543856
96,204,4.5391617
96,21,4.517181
96,526,4.513162
96,914,4.5099277
97,849,5.647153
97,59,5.475539
97,178,5.427227
97,1430,5.421118
97,1485,5.4207416
97,18,5.366369
97,1330,5.366046
97,126,5.308338
97,479,5.284936
97,669,5.2711177
97,198,5.2672477
97,467,5.2378864
97,509,5.174937
97,632,5.1527896
97,63,5.122095
97,501,5.1205626
97,1012,5.109452
97,789,5.084198
97,191,5.0762424
97,1129,5.0737867
98,937,6.2832327
98,894,5.880216
98,498,5.7126493
98,479,5.6885977
98,1011,5.6775966
98,124,5.5642824
98,1410,5.486823
98,97,5.41088
98,1092,5.367662
98,1033,5.294582
98,390,5.2594953
98,587,5.2557974
98,189,5.243662
98,237,5.217782
98,1440,5.191702
98,1485,5.184575
98,476,5.159219
98,1036,5.1500916
98,653,5.1474247
98,1330,5.143962
99,198,5.483758
99,939,5.4750547
99,126,5.307527
99,456,5.2942033
99,639,5.151321
99,1012,5.1200356
99,501,5.115971
99,523,5.0446825
99,938,5.042585
99,1088,5.034501
99,186,5.034146
99,479,5.031096
99,355,4.9455776
99,652,4.936104
99,181,4.933647
99,691,4.9304237
99,179,4.9262733
99,1440,4.9237146
99,1560,4.921112
99,1264,4.9144645
100,1220,5.4219093
100,1136,5.385878
100,587,5.2880383
100,1118,5.191931
100,311,5.188797
100,1330,5.1115494
100,937,5.02659
100,1092,5.011642
100,270,4.990633
100,1140,4.921691
100,189,4.8902946
100,1011,4.8900757
100,1430,4.8685045
100,1054,4.836272
100,1485,4.825725
100,165,4.6960964
100,58,4.675739
100,644,4.6191483
100,529,4.618087
100,1525,4.607063
101,1118,5.494449
101,1205,5.313457
101,201,5.203207
101,646,5.1568956
101,491,5.108218
101,494,5.0814953
101,701,5.036237
101,517,4.9649496
101,72,4.878104
101,612,4.8636217
101,65,4.8556957
101,655,4.8395634
101,1054,4.838288
101,914,4.8181415
101,135,4.7676973
101,313,4.7617564
101,131,4.74586
101,342,4.715209
101,732,4.6993923
101,177,4.699178
102,201,5.398059
102,742,5.024846
102,65,4.9362144
102,1054,4.864568
102,1205,4.7804394
102,1118,4.707422
102,494,4.7043557
102,78,4.6855655
102,228,4.6172595
102,1220,4.485197
102,738,4.4845157
102,72,4.4826894
102,165,4.436467
102,209,4.4348383
102,173,4.3971596
102,386,4.379319
102,702,4.3775525
102,1182,4.3359284
102,97,4.325322
102,432,4.3217206
103,954,5.507002
103,295,5.2864623
103,529,5.197139
103,55,5.1742826
103,1352,5.1264997
103,1011,5.099837
103,1075,5.0753155
103,212,5.07086
103,189,5.041781
103,190,5.0029755
103,314,4.981761
103,1430,4.976497
103,1330,4.975487
103,1254,4.9607105
103,273,4.95772
103,928,4.940808
103,304,4.931632
103,649,4.9313254
103,830,4.9211617
103,1147,4.9190755
104,749,5.4544644
104,252,5.0911636
104,914,5.063892
104,706,4.888168
104,851,4.8765783
104,578,4.8430977
104,510,4.8161306
104,1284,4.7716722
104,611,4.7598553
104,250,4.7400675
104,1578,4.716632
104,484,4.6915264
104,527,4.676669
104,1056,4.662831
104,959,4.660809
104,645,4.6362085
104,1099,4.6299076
104,514,4.5679903
104,8,4.5491004
104,406,4.497239
105,392,5.563074
105,731,5.478552
105,1182,5.4704623
105,689,5.462805
105,390,5.353767
105,276,5.3066783
105,165,5.292861
105,87,5.2111835
105,135,5.185145
105,168,5.097237
105,250,5.0803523
105,732,5.0734997
105,725,5.0446186
105,728,5.020488
105,400,4.9702787
105,240,4.96976
105,702,4.927904
105,354,4.921384
105,169,4.8924494
105,113,4.889513
106,1485,4.700124
106,1352,4.52343
106,300,4.4619894
106,1220,4.4105563
106,1118,4.405989
106,732,4.371785
106,168,4.2977076
106,1330,4.2916956
106,1141,4.271392
106,749,4.227778
106,863,4.181925
106,631,4.1532145
106,376,4.122144
106,928,4.120741
106,636,4.114067
106,1140,4.0969067
106,970,4.052472
106,1292,4.0215235
106,118,4.0213137
106,267,4.020188
107,303,5.793913
107,742,5.7799044
107,47,5.5916533
107,113,5.5006914
107,511,5.4933987
107,432,5.3597994
107,526,5.240548
107,495,5.20671
107,914,5.200918
107,342,5.1778164
107,1220,5.149321
107,512,5.1411443
107,1118,5.139975
107,1174,5.135632
107,860,5.111248
107,290,5.002707
107,610,4.9962487
107,178,4.9953575
107,587,4.974926
107,177,4.9642644
108,1578,6.038004
108,914,6.012158
108,1352,5.86727
108,300,5.8633723
108,1496,5.8627415
108,1124,5.7624054
108,706,5.712861
108,851,5.551937
108,1238,5.5460052
108,652,5.5358973
108,611,5.490251
108,59,5.4363794
108,613,5.4157104
108,318,5.3919306
108,1382,5.379992
108,484,5.3522115
108,1118,5.343291
108,955,5.318267
108,1141,5.2880626
108,1174,5.268457
109,587,6.2559853
109,273,6.1722355
109,1146,6.095582
109,949,5.974168
109,948,5.917789
109,1254,5.8704114
109,47,5.767975
109,848,5.7540193
109,1092,5.751729
109,937,5.7257414
109,849,5.6585255
109,709,5.6523795
109,839,5.6438546
109,644,5.6133914
109,1153,5.596489
109,749,5.579647
109,1101,5.5305214
109,529,5.497878
109,1124,5.464335
109,1430,5.437522
110,168,6.0285745
110,1114,5.9120727
110,47,5.5507135
110,113,5.5196023
110,1111,5.4952617
110,127,5.490371
110,662,5.457047
110,188,5.4511194
110,915,5.3657465
110,406,5.3416286
110,1578,5.317921
110,291,5.3024364
110,126,5.2596583
110,309,5.25525
110,277,5.2287
110,527,5.2189703
110,283,5.198923
110,170,5.1636257
110,528,5.1544867
110,645,5.1409664
111,650,5.3428116
111,527,5.3293157
111,250,5.3014784
111,55,5.297937
111,11,5.1202955
111,170,5.11902
111,1111,5.0973825
111,1226,5.0253735
111,948,5.0218415
111,606,5.021373
111,355,5.0057845
111,1254,4.927946
111,1010,4.92082
111,949,4.878647
111,998,4.8763137
111,283,4.860965
111,541,4.8517027
111,1430,4.8440156
111,644,4.8378944
111,1146,4.8351464
112,113,6.0484114
112,464,5.823253
112,726,5.7547255
112,661,5.644334
112,47,5.6240587
112,1011,5.598957
112,1013,5.5932164
112,1254,5.591783
112,848,5.5184226
112,155,5.5084505
112,1430,5.506486
112,891,5.4840565
112,485,5.462258
112,694,5.404627
112,915,5.400014
112,555,5.385207
112,609,5.3835583
112,406,5.383452
112,151,5.3833942
112,1030,5.3798065
113,21,4.7298
113,194,4.662056
113,214,4.539557
113,236,4.5134444
113,270,4.4867754
113,314,4.475007
113,316,4.470611
113,509,4.4645195
113,566,4.452076
113,78,4.4290686
113,298,4.4229665
113,165,4.3944154
113,95,4.3911667
113,383,4.3569236
113,128,4.3561664
113,1054,4.3181286
113,933,4.313063
113,160,4.3095827
113,326,4.263583
113,204,4.249625
114,849,5.9469986
114,505,5.4493194
114,1084,5.123112
114,235,5.0734777
114,314,5.033696
114,274,5.022719
114,897,5.02212
114,178,5.00684
114,155,4.949832
114,509,4.9404154
114,1430,4.9292445
114,1330,4.9106007
114,59,4.903158
114,394,4.8910556
114,467,4.884928
114,306,4.798561
114,669,4.779245
114,194,4.773619
114,190,4.7721353
114,259,4.7650642
115,683,5.746041
115,933,5.706003
115,1485,5.654282
115,643,5.6484556
115,1182,5.5757413
115,428,5.559964
115,1123,5.555517
115,522,5.530762
115,348,5.500092
115,1136,5.4497843
115,316,5.4419036
115,1118,5.4081554
115,331,5.4023933
115,427,5.3697243
115,1156,5.327252
115,135,5.2995205
115,165,5.297791
115,397,5.28707
115,971,5.281185
115,1065,5.273624
116,1118,5.2177258
116,631,5.051671
116,719,5.040484
116,1181,4.9608955
116,1013,4.930668
116,661,4.8759503
116,241,4.849336
116,1011,4.7720985
116,294,4.770449
116,1182,4.7687945
116,390,4.7603455
116,954,4.749384
116,1248,4.74844
116,1554,4.6683664
116,1012,4.651218
116,1035,4.6310263
116,285,4.620203
116,688,4.60751
116,1140,4.606883
116,862,4.5905256
117,1111,5.4502935
117,250,5.440427
117,188,5.398287
117,49,5.325033
117,168,5.2788043
117,113,5.278762
117,1226,5.2373557
117,1010,5.100142
117,169,5.0745926
117,164,5.0695615
117,527,5.0391226
117,11,5.0106215
117,172,4.9647455
117,915,4.947509
117,171,4.902041
117,485,4.8908052
117,957,4.8877597
117,283,4.870549
117,165,4.8490176
117,731,4.848374
118,1264,5.6489587
118,49,5.58823
118,639,5.5767355
118,171,5.4848247
118,611,5.4845214
118,895,5.4788637
118,132,5.464144
118,168,5.462777
118,198,5.4573374
118,126,5.4370174
118,485,5.431648
118,175,5.430929
118,316,5.4125566
118,609,5.362553
118,610,5.3352594
118,526,5.324152
118,832,5.3178554
118,173,5.265552
118,355,5.2426114
118,483,5.237811
119,311,5.4437127
119,942,5.4030924
119,95,5.4009285
119,120,5.386466
119,805,5.3044777
119,225,5.2465672
119,447,5.2391887
119,63,5.139693
119,173,5.119456
119,270,5.0392113
119,160,5.037236
119,316,5.023048
119,194,5.008334
119,1054,4.9896126
119,78,4.9815044
119,414,4.9594665
119,21,4.955646
119,1123,4.9079914
119,308,4.9075418
119,214,4.8790617
120,632,5.0351877
120,897,5.005101
120,482,4.9720745
120,8,4.96041
120,198,4.942873
120,1436,4.900463
120,1441,4.8690395
120,283,4.8469315
120,88,4.7864637
120,601,4.7807016
120,18,4.744198
120,1496,4.7114015
120,505,4.702074
120,749,4.6880083
120,496,4.6715984
120,706,4.661638
120,155,4.65062
120,611,4.599261
120,1430,4.5781665
120,476,4.562388
121,1330,5.1777873
121,13,5.117108
121,1430,5.113998
121,55,5.112077
121,669,5.0159435
121,113,4.7962728
121,478,4.7683506
121,301,4.736368
121,1525,4.7184505
121,511,4.698673
121,177,4.682342
121,31,4.6814857
121,1352,4.6642613
121,428,4.6598825
121,388,4.6355767
121,651,4.624701
121,1485,4.6145377
121,464,4.5963187
121,491,4.588464
121,1174,4.567178
122,295,4.824095
122,1352,4.792403
122,928,4.770248
122,599,4.7432523
122,1011,4.711292
122,314,4.6857777
122,830,4.6152487
122,1147,4.590789
122,541,4.563135
122,1075,4.5547137
122,164,4.525429
122,212,4.5194817
122,529,4.4905205
122,1485,4.488268
122,165,4.4863653
122,653,4.4585724
122,613,4.4518456
122,1444,4.439602
122,707,4.4178534
122,688,4.415284
123,165,4.5206685
123,311,4.4489765
123,1118,4.2929544
123,1485,4.2692294
123,63,4.262363
123,194,4.243945
123,1054,4.1943445
123,78,4.169149
123,316,4.1589823
123,428,4.1058116
123,1012,4.103979
123,270,4.098829
123,126,4.074188
123,1136,4.0406756
123,643,4.040609
123,95,4.037353
123,250,3.9898307
123,192,3.9390776
123,1013,3.92611
123,160,3.921397
124,49,5.4635124
124,611,5.3598046
124,250,5.202733
124,198,5.1874804
124,848,5.1606297
124,609,5.1419835
124,1441,5.097742
124,485,5.094179
124,1485,5.0843525
124,164,5.0716505
124,526,5.020977
124,481,4.984231
124,516,4.9815836
124,832,4.966754
124,513,4.9463873
124,476,4.935443
124,165,4.920743
124,169,4.918854
124,957,4.889849
124,610,4.8788114
125,47,6.652379
125,850,6.358619
125,344,6.330721
125,650,6.2667823
125,461,6.214628
125,694,6.1986117
125,914,6.177098
125,645,6.172809
125,1010,6.170251
125,809,6.073995
125,915,5.9749928
125,851,5.9429536
125,610,5.825651
125,956,5.7458878
125,1578,5.7390747
125,766,5.716831
125,506,5.6942697
125,891,5.6380544
125,303,5.638008
125,432,5.597065
126,147,5.6605167
126,851,5.581418
126,1158,5.55457
126,1012,5.520584
126,1231,5.496913
126,245,5.49492
126,250,5.4900136
126,1181,5.4362826
126,500,5.4238853
126,891,5.4116116
126,954,5.4096704
126,431,5.337243
126,252,5.277585
126,318,5.2759666
126,1124,5.2404847
126,407,5.2114453
126,50,5.1991568
126,406,5.1907015
126,457,5.1894093
126,842,5.1656137
127,1118,6.6128645
127,1012,6.4459705
127,522,6.320821
127,719,6.047568
127,390,5.962983
127,342,5.9581027
127,376,5.9252005
127,303,5.8420568
127,428,5.799127
127,970,5.767124
127,514,5.743979
127,1282,5.7041197
127,414,5.6864915
127,317,5.6844482
127,1292,5.611222
127,1190,5.5835714
127,590,5.577711
127,135,5.5601206
127,914,5.5600996
127,1013,5.5370054
128,639,4.938093
128,512,4.820767
128,314,4.819612
128,1111,4.7989683
128,928,4.795084
128,55,4.780266
128,186,4.7780094
128,494,4.7665176
128,485,4.7226505
128,283,4.677321
128,184,4.6653566
128,1220,4.577653
128,113,4.568065
128,785,4.5505567
128,169,4.5408106
128,601,4.5228553
128,505,4.521624
128,1477,4.5105333
128,731,4.487271
128,915,4.4596286
129,250,5.044044
129,165,4.6573086
129,214,4.617476
129,311,4.600467
129,128,4.4340863
129,314,4.343014
129,428,4.3049197
129,194,4.286367
129,270,4.280978
129,1485,4.2809744
129,933,4.195238
129,643,4.18321
129,326,4.1725554
129,522,4.1673098
129,560,4.1575537
129,172,4.155793
129,295,4.1434503
129,954,4.1228013
129,414,4.111556
129,1123,4.0878744
130,1146,5.700869
130,165,5.552598
130,1254,5.5146856
130,587,5.43978
130,714,5.4087167
130,848,5.295269
130,1153,5.286782
130,189,5.281188
130,1049,5.1984415
130,1092,5.1876597
130,295,5.186146
130,209,5.167655
130,736,5.1670136
130,644,5.143224
130,355,5.1426415
130,1430,5.1361394
130,541,5.13245
130,949,5.127706
130,126,5.1243215
130,273,5.122977
131,1485,5.0925694
131,1441,5.033695
131,177,4.752384
131,1330,4.728312
131,523,4.646672
131,882,4.6256566
131,1141,4.6006155
131,602,4.511155
131,1430,4.492483
131,1220,4.46856
131,491,4.464611
131,863,4.4451656
131,789,4.437016
131,196,4.425612
131,316,4.424836
131,1436,4.406465
131,1352,4.3462973
131,1578,4.322188
131,914,4.3180084
131,509,4.317767
132,55,5.4180174
132,505,5.204669
132,171,5.102789
132,173,5.093583
132,809,5.0630093
132,165,5.0617137
132,250,5.050885
132,849,5.042647
132,1254,5.0404406
132,848,5.03881
132,172,5.0219874
132,316,5.0183907
132,1146,5.01651
132,355,4.9335527
132,218,4.9287577
132,47,4.9026494
132,501,4.897489
132,155,4.8940063
132,159,4.89077
132,97,4.883048
133,1485,5.794531
133,1430,5.7020535
133,1220,5.6984873
133,172,5.69393
133,523,5.631161
133,505,5.5914288
133,41,5.567485
133,1330,5.5602016
133,88,5.5541306
133,1441,5.5186467
133,1011,5.5067472
133,518,5.499168
133,691,5.4923306
133,204,5.4838963
133,479,5.467144
133,179,5.417612
133,639,5.4172316
133,882,5.407313
133,316,5.40225
133,601,5.3902726
134,1578,5.4649715
134,645,5.4597945
134,1581,5.2588773
134,749,5.2330546
134,118,5.1796093
134,1141,5.1751456
134,915,5.1336017
134,1220,5.1284404
134,223,5.108318
134,241,5.0854273
134,955,5.046235
134,714,5.0403495
134,605,5.0402565
134,300,5.0347047
134,13,5.030254
134,1118,5.0215487
134,461,5.0137324
134,1140,4.983329
134,1352,4.935888
134,1075,4.906164
135,848,4.855628
135,1254,4.7483735
135,464,4.7328606
135,1114,4.7055473
135,1013,4.6921415
135,118,4.6793184
135,1430,4.650003
135,1111,4.6399355
135,609,4.6115704
135,915,4.565189
135,223,4.556337
135,155,4.5292664
135,355,4.5246353
135,186,4.512798
135,661,4.4910965
135,610,4.4784765
135,766,4.477695
135,63,4.456465
135,655,4.455379
135,1352,4.4470787
136,1118,5.447279
136,937,5.142003
136,688,5.011719
136,295,4.9697804
136,146,4.9209065
136,862,4.870354
136,1231,4.815596
136,189,4.8087645
136,446,4.71451
136,954,4.7032228
136,1147,4.685419
136,1582,4.6721816
136,695,4.667592
136,1136,4.6587334
136,100,4.626311
136,920,4.588841
136,311,4.5871143
136,268,4.566461
136,998,4.56157
136,1352,4.555567
137,344,5.8224344
137,132,5.695291
137,198,5.517022
137,639,5.49498
137,611,5.264231
137,485,5.247526
137,210,5.222024
137,1264,5.2194357
137,882,5.2141013
137,509,5.20961
137,655,5.198547
137,848,5.1735473
137,168,5.167081
137,609,5.161949
137,526,5.1163406
137,914,5.0874324
137,1477,5.0677967
137,283,5.060395
137,177,5.06037
137,445,5.054719
138,645,5.181807
138,914,5.1453166
138,1578,5.1073027
138,342,5.0699306
138,605,4.9800706
138,701,4.8974085
138,277,4.894303
138,1118,4.871012
138,495,4.862929
138,611,4.838049
138,1124,4.833943
138,970,4.772424
138,1003,4.7470317
138,613,4.7137237
138,491,4.7072525
138,73,4.6627884
138,517,4.6518097
138,749,4.644631
138,1238,4.624921
138,647,4.5848536
139,250,5.794272
139,1485,5.4905887
139,309,5.4649305
139,245,5.371586
139,643,5.284087
139,726,5.2594285
139,849,5.2531004
139,327,5.2426367
139,954,5.2419276
139,1158,5.220383
139,462,5.2132816
139,295,5.2009716
139,388,5.197179
139,658,5.154352
139,476,5.1325927
139,891,5.1252313
139,1000,5.0932903
139,113,5.070675
139,318,5.0494514
139,842,5.0409365
140,1118,6.0044723
140,311,5.679249
140,1136,5.6296554
140,937,5.409828
140,270,5.3276196
140,587,5.2816563
140,1220,5.265466
140,1092,5.22618
140,1054,5.158973
140,1485,5.050579
140,1140,5.0054493
140,683,4.976455
140,1182,4.9756427
140,698,4.9642053
140,1011,4.931752
140,189,4.917135
140,1441,4.9121523
140,1330,4.9024158
140,221,4.8869934
140,482,4.823944
141,1441,5.2573557
141,1485,5.1204653
141,1012,4.964195
141,1141,4.9541054
141,283,4.9207344
141,611,4.8957877
141,1292,4.890546
141,1076,4.8735914
141,1352,4.859495
141,646,4.849448
141,1496,4.8488145
141,706,4.8486533
141,300,4.832754
141,311,4.8268843
141,632,4.82634
141,123,4.811464
141,1118,4.786973
141,863,4.7774854
141,1190,4.7333555
141,654,4.7269177
142,1118,5.981743
142,165,5.602333
142,942,5.496299
142,311,5.397751
142,225,5.394788
142,805,5.358713
142,228,5.2162805
142,132,5.19135
142,1012,5.1822023
142,183,5.18045
142,1182,5.1691995
142,226,5.1632576
142,522,5.1575327
142,611,5.143489
142,308,5.116803
142,250,5.099374
142,194,5.083906
142,646,5.0748205
142,447,5.066982
142,192,5.0564737
143,1011,5.5666385
143,1000,5.5195055
143,241,5.402162
143,928,5.2344737
143,830,5.20687
143,736,5.1915555
143,1220,5.1708694
143,1140,5.1438456
143,931,5.081946
143,197,5.078944
143,60,5.0480933
143,1181,5.0241804
143,661,4.9187136
143,113,4.8801384
143,1092,4.875578
143,647,4.8668766
143,390,4.858055
143,694,4.836812
143,749,4.818684
143,937,4.813609
144,97,5.4126368
144,1013,5.0356116
144,113,5.031012
144,1011,5.0232162
144,165,4.982454
144,609,4.950827
144,485,4.943616
144,392,4.929276
144,649,4.9162664
144,1254,4.885444
144,171,4.866079
144,541,4.835573
144,928,4.8294396
144,631,4.806306
144,513,4.799064
144,96,4.781795
144,168,4.762411
144,164,4.755478
144,661,4.7257013
144,749,4.724016
145,937,5.8861723
145,479,5.7454057
145,1410,5.5990105
145,894,5.5170393
145,1036,5.5149713
145,604,5.510869
145,1118,5.4657235
145,862,5.436095
145,221,5.417265
145,652,5.3737383
145,1011,5.3735886
145,38,5.3723984
145,1109,5.352742
145,198,5.3478036
145,545,5.319579
145,891,5.296791
145,181,5.2900095
145,638,5.287591
145,726,5.2779427
145,1012,5.255542
146,113,5.2019587
146,541,5.1277437
146,1330,4.9950447
146,1430,4.9827504
146,314,4.9781723
146,355,4.930351
146,1111,4.8779607
146,527,4.872465
146,165,4.8721757
146,63,4.870451
146,188,4.866405
146,316,4.8545127
146,509,4.846261
146,1254,4.83624
146,464,4.811623
146,202,4.7482586
146,428,4.707841
146,425,4.7066703
146,742,4.698883
146,198,4.693284
147,1330,5.0723605
147,601,4.9546475
147,425,4.9198856
147,168,4.8317976
147,1485,4.8161287
147,179,4.813421
147,1430,4.8106737
147,197,4.8040495
147,613,4.7916327
147,314,4.7510605
147,63,4.729523
147,477,4.7229767
147,789,4.715095
147,177,4.690991
147,605,4.6676407
147,11,4.661929
147,1117,4.650721
147,928,4.6376543
147,1129,4.6171303
147,170,4.58358
148,188,5.4221406
148,914,5.4040976
148,283,4.916318
148,168,4.909972
148,342,4.8291554
148,1141,4.8243055
148,290,4.802204
148,942,4.799811
148,484,4.691781
148,701,4.688804
148,1441,4.673743
148,1010,4.630509
148,612,4.6226306
148,165,4.6178827
148,250,4.5699525
148,132,4.569602
148,1190,4.5493217
148,406,4.5464115
148,659,4.533038
148,578,4.502727
149,1485,4.695364
149,632,4.6694956
149,1012,4.588621
149,691,4.541225
149,18,4.5283833
149,1330,4.521822
149,954,4.506296
149,1352,4.4980006
149,133,4.4943843
149,425,4.482019
149,1292,4.4426656
149,1229,4.4340115
149,190,4.433131
149,522,4.4285474
149,59,4.419755
149,213,4.4122553
149,56,4.4108796
149,789,4.403907
149,178,4.371442
149,314,4.369949
150,1111,5.5676446
150,168,5.55121
150,188,5.5367937
150,250,5.481284
150,1226,5.4219065
150,611,5.346801
150,113,5.2540436
150,165,5.209944
150,527,5.1500816
150,164,5.1407766
150,283,5.0615225
150,296,5.060718
150,142,4.979554
150,291,4.9775214
150,957,4.9600453
150,406,4.906639
150,172,4.8762317
150,541,4.872258
150,528,4.857854
150,731,4.823701
151,714,5.5830545
151,1581,5.327416
151,461,5.2441597
151,645,5.1411595
151,55,5.1097174
151,261,5.0835466
151,688,5.0105605
151,1578,4.933275
151,1582,4.900247
151,955,4.893196
151,915,4.8908854
151,51,4.8727036
151,1220,4.8704715
151,118,4.837335
151,18,4.8161297
151,1111,4.7883015
151,1075,4.7802196
151,541,4.7700944
151,1382,4.7613735
151,647,4.739382
152,55,5.505009
152,849,5.392104
152,273,5.2932534
152,155,5.146541
152,309,5.0904717
152,1430,5.0362983
152,1330,4.9280505
152,948,4.9106765
152,669,4.8862977
152,59,4.8673897
152,428,4.8592424
152,47,4.842023
152,388,4.8404803
152,467,4.80811
152,314,4.799742
152,848,4.797143
152,178,4.7946734
152,1254,4.786762
152,749,4.745473
152,587,4.7224436
153,165,5.765986
153,1088,5.6632833
153,1207,5.6592283
153,189,5.6003313
153,634,5.5890646
153,100,5.5879426
153,1013,5.568274
153,1118,5.534015
153,331,5.533543
153,1091,5.5235343
153,1012,5.5192986
153,476,5.4822154
153,295,5.4588256
153,1037,5.4487658
153,516,5.4465938
153,939,5.4269333
153,218,5.4248366
153,501,5.395201
153,113,5.366603
153,839,5.3250723
154,250,5.318845
154,476,5.227597
154,1485,5.0874577
154,1430,5.0853877
154,949,5.0828247
154,1330,5.0468445
154,198,4.9750237
154,309,4.9626474
154,897,4.9565067
154,172,4.93112
154,849,4.9279547
154,691,4.908246
154,155,4.901987
154,1440,4.8901396
154,176,4.874824
154,1254,4.8319817
154,1333,4.830769
154,501,4.830356
154,47,4.8218107
154,193,4.778204
155,456,5.737735
155,218,5.6314063
155,839,5.332852
155,126,5.235449
155,16,5.2353787
155,501,5.2141027
155,609,5.2138705
155,100,5.132357
155,198,5.127315
155,248,5.0773954
155,639,5.0646706
155,355,5.027091
155,557,4.9703617
155,513,4.9607525
155,168,4.957542
155,186,4.918611
155,1088,4.905081
155,171,4.8772078
155,200,4.8743525
155,249,4.8577914
156,1114,6.1733494
156,1330,5.862475
156,47,5.841359
156,749,5.7723894
156,662,5.7183247
156,915,5.7054534
156,512,5.6955776
156,1430,5.675988
156,113,5.6619415
156,511,5.6405125
156,1220,5.6263847
156,1578,5.614403
156,645,5.4895205
156,1111,5.469425
156,510,5.460096
156,928,5.4368987
156,610,5.4359226
156,343,5.42233
156,1485,5.415463
156,505,5.410627
157,914,6.6886954
157,342,5.915214
157,652,5.9045777
157,1496,5.6686354
157,420,5.5685043
157,610,5.479825
157,186,5.385808
157,198,5.3734374
157,882,5.2511373
157,300,5.247342
157,1578,5.2218714
157,472,5.217541
157,789,5.1850047
157,1141,5.1810513
157,1136,5.1597133
157,1441,5.139866
157,489,5.138676
157,706,5.133904
157,482,5.129148
157,673,5.1229444
158,1012,5.4761114
158,1485,5.4205885
158,1254,5.3583603
158,714,5.355903
158,1061,5.315441
158,1118,5.288466
158,338,5.2335176
158,1352,5.1962605
158,1330,5.184864
158,654,5.135508
158,749,5.1226
158,642,5.091132
158,343,5.087033
158,261,5.069305
158,1055,5.0649776
158,392,5.0592294
158,636,5.051819
158,849,5.041508
158,688,5.0270963
158,487,5.0262494
159,652,5.8228188
159,1485,5.6640787
159,1114,5.6200447
159,178,5.6129804
159,1441,5.5830812
159,184,5.577301
159,515,5.550087
159,482,5.531692
159,47,5.5282583
159,512,5.5148478
159,601,5.4915037
159,177,5.485359
159,472,5.4320164
159,478,5.391114
159,425,5.369852
159,510,5.368779
159,480,5.366417
159,651,5.362638
159,481,5.3478622
159,55,5.3355293
160,1444,5.305874
160,481,5.1630855
160,688,5.140854
160,1075,5.1275296
160,193,5.1135054
160,189,5.1038337
160,714,5.0928893
160,1581,5.082433
160,954,5.064836
160,749,5.030567
160,476,5.008349
160,1124,5.001032
160,1156,5.000826
160,1352,4.9777074
160,7,4.9770083
160,207,4.9719343
160,1106,4.9616895
160,212,4.9395003
160,135,4.93921
160,1485,4.9357343
161,1092,5.126127
161,311,5.0781283
161,1111,5.024905
161,113,4.956933
161,541,4.9401836
161,548,4.7902775
161,188,4.785556
161,165,4.7663317
161,257,4.7037206
161,687,4.676215
161,256,4.6755934
161,505,4.6735697
161,1226,4.634697
161,915,4.631624
161,221,4.6313167
161,446,4.6079206
161,378,4.587619
161,355,4.578866
161,527,4.5394764
161,270,4.5271816
162,1264,5.414259
162,198,5.365085
162,639,5.33312
162,41,5.234561
162,250,5.1620417
162,652,5.158223
162,610,5.1496897
162,200,5.133787
162,891,5.0621676
162,501,5.0050497
162,609,5.0048175
162,172,4.991021
162,311,4.9898415
162,938,4.982628
162,270,4.964805
162,523,4.9260097
162,1010,4.91274
162,937,4.908901
162,848,4.8192596
162,305,4.8138857
163,1012,5.599969
163,1352,5.597254
163,133,5.361627
163,1118,5.2901697
163,631,5.2821593
163,613,5.2566957
163,487,5.25653
163,642,5.18084
163,208,5.180037
163,1485,5.1553125
163,300,5.117653
163,655,5.114262
163,406,5.113763
163,601,5.0868196
163,481,5.0781775
163,126,5.041248
163,609,5.0389013
163,134,4.9908166
163,661,4.987442
163,659,4.9728746
164,1075,5.561267
164,645,5.2477903
164,1581,5.2140164
164,1330,5.1210437
164,1578,5.0512624
164,714,4.998646
164,955,4.9779406
164,58,4.976989
164,118,4.955324
164,1430,4.924548
164,235,4.901361
164,1525,4.8705482
164,223,4.8427496
164,915,4.809142
164,644,4.8043985
164,591,4.802782
164,197,4.7961254
164,851,4.795668
164,897,4.7898273
164,1352,4.788841
165,1220,5.4428496
165,1485,5.438577
165,1330,5.3750277
165,1430,5.3112383
165,749,5.211148
165,1011,5.170774
165,1352,5.168833
165,1441,5.123886
165,636,5.110943
165,118,5.1073775
165,343,5.105894
165,1578,5.099882
165,928,5.0973744
165,241,5.091592
165,494,5.0431414
165,223,5.040384
165,482,5.005822
165,605,4.987664
165,1111,4.9856186
165,135,4.982723
166,0,5.7358327
166,494,5.6880765
166,732,5.573681
166,97,5.571928
166,49,5.527968
166,731,5.4945393
166,392,5.4766464
166,131,5.474884
166,169,5.4273133
166,638,5.3636374
166,218,5.3473625
166,376,5.3221726
166,355,5.2633176
166,606,5.249083
166,201,5.2402763
166,401,5.2341404
166,707,5.219921
166,1036,5.214222
166,505,5.1879535
166,135,5.1786275
167,527,5.798216
167,914,5.698771
167,1111,5.5829306
167,277,5.4285426
167,283,5.3275795
167,1114,5.278075
167,47,5.258732
167,506,5.2259793
167,897,5.1916995
167,915,5.167653
167,582,5.159514
167,25,5.0238514
167,606,4.9099426
167,1226,4.8887568
167,645,4.881096
167,882,4.864087
167,1578,4.857164
167,174,4.804356
167,1056,4.8030305
167,1003,4.790456
168,55,6.0478573
168,610,5.8733463
168,47,5.8399405
168,155,5.733042
168,505,5.656425
168,1114,5.3676515
168,8,5.349476
168,587,5.292399
168,1430,5.290122
168,167,5.261244
168,897,5.248892
168,489,5.247019
168,1220,5.2178154
168,510,5.2028403
168,44,5.200027
168,343,5.1936913
168,749,5.1824665
168,915,5.0818844
168,669,5.048682
168,848,5.0382953
169,428,5.6572895
169,749,5.6501455
169,848,5.5317965
169,849,5.5172853
169,741,5.4665437
169,1314,5.415031
169,1261,5.409487
169,1146,5.3526735
169,971,5.3484144
169,464,5.3147116
169,113,5.283745
169,252,5.2746024
169,766,5.2557364
169,247,5.2524166
169,1089,5.246062
169,250,5.223354
169,661,5.2151775
169,831,5.210833
169,1056,5.200602
169,1049,5.1958914
170,250,5.845031
170,1010,5.482533
170,611,5.4316654
170,1369,5.3196263
170,514,5.2516484
170,1314,5.214527
170,1156,5.1199584
170,522,5.080017
170,392,5.0640197
170,959,5.0619164
170,1118,5.037861
170,352,5.0262327
170,914,5.0228376
170,610,4.9896
170,1284,4.9885387
170,831,4.9834795
170,958,4.952677
170,578,4.9431567
170,939,4.9210496
170,50,4.9200687
171,218,6.15876
171,132,5.591087
171,639,5.085272
171,311,5.06221
171,303,5.0211506
171,100,4.9783998
171,165,4.970506
171,113,4.9147735
171,485,4.881889
171,1054,4.880212
171,192,4.8476753
171,1264,4.838427
171,160,4.8299956
171,198,4.7729135
171,95,4.7497163
171,109,4.74156
171,655,4.729926
171,314,4.727568
171,270,4.712062
171,742,4.672433
172,714,5.3163056
172,1441,5.305724
172,505,5.1612535
172,514,5.014966
172,482,5.007764
172,654,4.933631
172,464,4.9008293
172,198,4.8828063
172,303,4.879214
172,343,4.8626075
172,1055,4.85674
172,135,4.855345
172,601,4.83085
172,270,4.7768598
172,177,4.7667284
172,155,4.7624907
172,522,4.760137
172,481,4.745206
172,311,4.743138
172,472,4.7133856
173,749,5.774545
173,1254,5.4937844
173,1430,5.4694033
173,1330,5.4274774
173,897,5.349213
173,831,5.337995
173,1106,5.324136
173,1114,5.3144197
173,636,5.2922945
173,481,5.278071
173,487,5.266725
173,58,5.2579517
173,1485,5.2558045
173,118,5.252919
173,476,5.2457714
173,1111,5.2454305
173,223,5.2400494
173,848,5.2165513
173,915,5.2098384
173,1525,5.1939135
174,1111,4.6191807
174,168,4.4974246
174,494,4.491686
174,897,4.490715
174,123,4.3538413
174,1220,4.276013
174,482,4.2611513
174,605,4.247739
174,283,4.2276664
174,1441,4.225314
174,118,4.1888113
174,223,4.1773376
174,511,4.1772184
174,1330,4.1524596
174,1485,4.127245
174,291,4.1108303
174,164,4.0967493
174,135,4.082467
174,601,4.0730953
174,406,4.0627775
175,126,5.651334
175,652,5.4801626
175,271,5.4308963
175,609,5.37978
175,168,5.373428
175,198,5.3635607
175,186,5.347338
175,237,5.310862
175,63,5.2910047
175,55,5.276956
175,1485,5.2682943
175,528,5.2522907
175,479,5.2506113
175,355,5.23938
175,494,5.221936
175,631,5.2218285
175,11,5.1987467
175,545,5.197608
175,179,5.1973386
175,1129,5.1753497
176,342,5.6565676
176,318,5.3102207
176,951,5.1606307
176,650,5.152902
176,388,5.0085344
176,587,4.978906
176,1330,4.963861
176,344,4.955653
176,645,4.927888
176,178,4.9224677
176,949,4.89068
176,314,4.88843
176,644,4.8499184
176,1174,4.800041
176,897,4.773443
176,545,4.747017
176,893,4.740251
176,1578,4.7364955
176,59,4.7255197
176,191,4.7159014
177,1578,5.8366823
177,645,5.579239
177,1111,5.385401
177,611,5.350148
177,1114,5.2827864
177,1124,5.2470512
177,749,5.195339
177,706,5.172178
177,897,5.1521845
177,168,5.148614
177,47,5.126573
177,527,5.100783
177,959,5.094791
177,851,5.092711
177,1382,5.085591
177,344,5.076199
177,149,5.0473166
177,915,5.0430617
177,955,5.004941
177,1370,4.997593
178,714,5.638616
178,1012,5.372218
178,338,5.3577256
178,1352,5.3555455
178,1441,5.261093
178,1411,5.201093
178,1174,5.1674075
178,261,5.1258426
178,1485,5.115266
178,1118,5.091858
178,303,5.047495
178,1292,4.993751
178,895,4.9831166
178,1141,4.9570456
178,8,4.954525
178,1382,4.929915
178,343,4.927513
178,1076,4.922034
178,1061,4.919471
178,688,4.8951783
179,113,5.218017
179,639,5.2044926
179,915,5.1322985
179,485,5.111779
179,541,5.089436
179,344,5.067189
179,99,5.051972
179,314,5.0448065
179,198,5.03537
179,609,5.009679
179,1111,4.9759574
179,267,4.9492483
179,63,4.9400334
179,527,4.910459
179,210,4.8911285
179,184,4.8896933
179,164,4.8609014
179,785,4.775751
179,188,4.775538
179,512,4.7739024
180,652,5.665253
180,494,5.491147
180,512,5.4521437
180,479,5.4444985
180,1485,5.364014
180,914,5.303668
180,1441,5.279223
180,200,5.251355
180,445,5.2454195
180,132,5.2369013
180,611,5.2142725
180,895,5.209982
180,610,5.203592
180,639,5.1644125
180,181,5.1482625
180,41,5.1380744
180,135,5.1100626
180,1352,5.096562
180,882,5.080302
180,97,5.069191
181,250,5.269036
181,1182,5.100374
181,1123,4.858944
181,165,4.816768
181,1118,4.765943
181,522,4.7315435
181,695,4.6385674
181,688,4.5327544
181,617,4.525701
181,560,4.51336
181,937,4.469017
181,295,4.4607487
181,643,4.445207
181,954,4.443368
181,400,4.413661
181,658,4.4103184
181,1146,4.397333
181,173,4.3823967
181,805,4.3695774
181,1444,4.362104
182,1146,5.739435
182,849,5.7382355
182,505,5.669117
182,316,5.597974
182,587,5.4404693
182,47,5.3708253
182,329,5.3618026
182,939,5.3524504
182,749,5.339149
182,270,5.338688
182,897,5.32003
182,1485,5.312734
182,189,5.294735
182,1049,5.28915
182,476,5.2709146
182,250,5.248131
182,1136,5.245258
182,1330,5.2149887
182,809,5.214861
182,610,5.2084484
183,1485,5.5948386
183,501,5.403058
183,509,5.3410087
183,355,5.294323
183,63,5.2881665
183,41,5.285497
183,1330,5.2713823
183,523,5.247815
183,168,5.2247753
183,601,5.211516
183,165,5.209735
183,425,5.1861267
183,521,5.17946
183,179,5.176634
183,171,5.14444
183,476,5.1404033
183,184,5.139715
183,528,5.103637
183,691,5.091408
183,164,5.0899043
184,343,5.316621
184,218,5.2287116
184,316,5.188673
184,505,5.072431
184,1264,4.960942
184,270,4.912174
184,311,4.878452
184,132,4.8475504
184,526,4.7120705
184,299,4.6594048
184,509,4.589683
184,21,4.5838027
184,97,4.554161
184,895,4.5517445
184,283,4.543539
184,639,4.5414286
184,303,4.529436
184,135,4.5170984
184,506,4.5136495
184,1441,4.4623904
185,522,5.021465
185,514,4.8361335
185,1012,4.7560854
185,250,4.579573
185,688,4.5116305
185,1156,4.471873
185,1485,4.446814
185,1118,4.439262
185,971,4.413226
185,1444,4.390206
185,578,4.329165
185,362,4.3054633
185,484,4.3027463
185,428,4.283396
185,914,4.2692404
185,347,4.2635536
185,303,4.256115
185,1013,4.2336173
185,427,4.230568
185,1010,4.230275
186,742,5.867337
186,390,5.403728
186,113,5.052602
186,1252,5.0313396
186,432,4.9928665
186,1220,4.9431505
186,893,4.6478066
186,343,4.6354995
186,587,4.6353326
186,1182,4.5759673
186,400,4.528227
186,732,4.5174413
186,303,4.495268
186,495,4.464643
186,1054,4.4387918
186,47,4.4331946
186,90,4.4249473
186,1140,4.3791375
186,254,4.362078
186,46,4.343307
187,21,5.79834
187,1136,5.6750484
187,27,5.6437488
187,281,5.483932
187,173,5.476414
187,509,5.4070086
187,587,5.403593
187,518,5.322893
187,68,5.3037243
187,311,5.226871
187,1485,5.2197175
187,653,5.2095356
187,142,5.198455
187,316,5.1880975
187,203,5.121837
187,189,5.1180305
187,14,5.1117606
187,204,5.1046085
187,194,5.1029477
187,270,5.098189
188,1118,6.0551476
188,1182,5.4296427
188,1033,5.1854863
188,1207,5.1227775
188,392,5.00149
188,108,4.853643
188,777,4.716806
188,165,4.709841
188,933,4.6645107
188,397,4.6423445
188,33,4.6357884
188,1012,4.623112
188,124,4.590385
188,738,4.552238
188,716,4.545111
188,250,4.5435324
188,805,4.5271935
188,226,4.510015
188,189,4.507517
188,792,4.467213
189,928,4.9727497
189,169,4.94211
189,487,4.6705303
189,494,4.597824
189,481,4.590822
189,1003,4.5713043
189,142,4.5577803
189,702,4.488507
189,441,4.47037
189,605,4.417444
189,271,4.4096227
189,113,4.3141885
189,296,4.2701464
189,606,4.2634945
189,832,4.208877
189,164,4.20779
189,165,4.1218004
189,954,4.1109023
189,602,4.1003675
189,1054,4.0994573
190,612,5.133938
190,714,4.994509
190,311,4.9795475
190,691,4.9471045
190,18,4.9435487
190,541,4.939444
190,1118,4.8570127
190,599,4.827513
190,429,4.803063
190,1441,4.78429
190,1054,4.69929
190,261,4.689802
190,688,4.6803455
190,646,4.671833
190,1330,4.665714
190,270,4.651034
190,1411,4.641101
190,1292,4.638874
190,747,4.6385584
190,746,4.6360497
191,250,4.885912
191,1485,4.8011975
191,1441,4.663235
191,316,4.6158996
191,1330,4.600956
191,1036,4.510768
191,831,4.49601
191,636,4.472542
191,11,4.455406
191,487,4.446973
191,135,4.4434795
191,164,4.442527
191,479,4.425678
191,849,4.398675
191,1055,4.392413
191,505,4.3847523
191,300,4.3780584
191,749,4.3742466
191,222,4.3706775
191,1013,4.363976
192,1330,5.399009
192,1111,5.1985335
192,136,5.1475134
192,196,5.070787
192,197,5.015607
192,406,5.0022435
192,63,4.990238
192,314,4.968326
192,113,4.923269
192,830,4.908929
192,1352,4.888126
192,123,4.8798876
192,851,4.8463755
192,1495,4.818246
192,511,4.80626
192,241,4.770172
192,1094,4.761539
192,426,4.748102
192,55,4.734297
192,267,4.732867
193,1118,5.6575117
193,1140,5.5929356
193,189,5.458557
193,688,5.4432445
193,392,5.4163775
193,316,5.401974
193,165,5.383598
193,173,5.3415723
193,1220,5.3368416
193,1582,5.3073626
193,476,5.258066
193,311,5.20442
193,1441,5.194966
193,97,5.166878
193,714,5.1175027
193,171,5.087538
193,270,5.066371
193,82,5.059144
193,47,5.055809
193,207,5.0530157
194,939,5.1927257
194,479,5.1449475
194,1485,5.068331
194,428,5.001767
194,476,4.983756
194,1330,4.975072
194,643,4.958898
194,1012,4.9282928
194,198,4.90325
194,250,4.8676834
194,691,4.8652325
194,425,4.8549848
194,1440,4.8471274
194,1088,4.8421063
194,176,4.803052
194,316,4.791779
194,692,4.775213
194,523,4.7595863
194,1333,4.758996
194,501,4.758584
195,587,5.632672
195,1011,5.500391
195,55,5.4091454
195,937,5.355098
195,1092,5.2699604
195,1220,5.119296
195,736,5.1134825
195,749,5.031047
195,1140,4.890114
195,1000,4.840246
195,106,4.8173766
195,928,4.814651
195,273,4.7765856
195,304,4.775485
195,849,4.766235
195,709,4.7034235
195,642,4.6855164
195,545,4.6811385
195,97,4.6803603
195,505,4.6802115
196,55,6.4147334
196,155,5.733288
196,344,5.5438437
196,25,5.48727
196,506,5.468292
196,505,5.365162
196,47,5.24328
196,527,5.1668625
196,198,5.165963
196,541,5.0838604
196,355,5.07641
196,915,5.0677495
196,669,5.040559
196,10,5.0356274
196,41,5.035437
196,149,5.0032563
196,1064,4.970369
196,848,4.948617
196,187,4.941744
196,1001,4.9338665
197,428,5.4108987
197,306,5.3758297
197,1012,5.2939386
197,522,5.1752267
197,314,5.16496
197,338,5.1524725
197,1485,5.091773
197,674,5.08222
197,933,5.063597
197,385,5.056536
197,712,5.0249176
197,464,4.99455
197,643,4.994009
197,849,4.935521
197,388,4.8824162
197,60,4.876774
197,1092,4.8466372
197,916,4.830205
197,937,4.827723
197,303,4.800494
198,749,6.0158544
198,897,5.695772
198,208,5.4354305
198,505,5.3374844
198,1124,5.323963
198,914,5.250315
198,851,5.1908174
198,90,5.1826296
198,1114,5.15864
198,587,5.048162
198,606,5.0429077
198,1578,5.0199766
198,343,4.995044
198,149,4.9857473
198,545,4.970798
198,647,4.9703465
198,47,4.959222
198,178,4.9522047
198,604,4.93823
198,174,4.932157
199,1111,5.2334795
199,541,4.938112
199,316,4.856901
199,314,4.8069806
199,283,4.743285
199,714,4.6814737
199,1254,4.6652694
199,311,4.6645775
199,1330,4.6575317
199,322,4.650022
199,1106,4.6255774
199,168,4.588217
199,235,4.586591
199,731,4.574793
199,270,4.571638
199,849,4.5684886
199,173,4.53539
199,850,4.5133977
199,915,4.5063167
199,1430,4.4949636
200,1011,6.1894298
200,97,5.8826513
200,1220,5.6410613
200,479,5.5673633
200,928,5.4846096
200,237,5.4215846
200,1485,5.4016685
200,355,5.3602176
200,196,5.302363
200,894,5.255415
200,653,5.2321897
200,937,5.220766
200,1330,5.2203903
200,1475,5.2068343
200,494,5.19624
200,1140,5.1820664
200,605,5.138272
200,486,5.135603
200,858,5.1350856
200,425,5.130975
201,55,5.725757
201,126,5.7189293
201,527,5.571806
201,609,5.570129
201,168,5.4410224
201,186,5.4020915
201,1111,5.3289948
201,528,5.3198857
201,49,5.280016
201,179,5.2649336
201,1129,5.2429442
201,170,5.2314734
201,513,5.2282076
201,191,5.1416802
201,611,5.131899
201,355,5.1115627
201,1430,5.102753
201,198,5.086439
201,25,5.085096
201,113,5.076364
202,476,5.2509375
202,1146,5.210194
202,1036,5.03454
202,949,4.984153
202,848,4.982907
202,1158,4.9784045
202,643,4.923432
202,47,4.9218187
202,501,4.8176746
202,516,4.810754
202,250,4.8101783
202,59,4.798527
202,245,4.777649
202,1088,4.7676415
202,587,4.754692
202,849,4.732853
202,1440,4.706751
202,644,4.6997285
202,809,4.6974454
202,948,4.6846466
203,906,5.7352037
203,536,5.6699142
203,428,5.657463
203,933,5.562454
203,712,5.4919887
203,916,5.4816995
203,679,5.4513855
203,849,5.4428625
203,55,5.4095645
203,1330,5.386652
203,331,5.384094
203,385,5.340146
203,464,5.2411156
203,587,5.2350664
203,314,5.2144084
203,1033,5.183748
203,1092,5.150461
203,306,5.146074
203,63,5.145183
203,1430,5.143606
204,188,6.031535
204,432,5.9315476
204,277,5.9003544
204,342,5.80126
204,914,5.7966743
204,491,5.7026625
204,168,5.5947704
204,406,5.5079107
204,915,5.43558
204,344,5.433915
204,283,5.405856
204,645,5.4039345
204,1174,5.343599
204,1003,5.292562
204,701,5.279123
204,646,5.273917
204,517,5.2723618
204,472,5.2404447
204,291,5.2124085
204,126,5.169271
205,250,5.1278195
205,1036,4.981951
205,638,4.9721823
205,172,4.844688
205,49,4.7121644
205,476,4.6850824
205,355,4.6555758
205,126,4.651209
205,245,4.60791
205,168,4.597687
205,528,4.560831
205,406,4.530911
205,1158,4.524956
205,501,4.520715
205,516,4.514535
205,1129,4.4838905
205,392,4.48174
205,170,4.4724197
205,479,4.4601507
205,606,4.446873
206,742,4.0003996
206,512,3.9714334
206,314,3.8689368
206,113,3.8457701
206,181,3.735505
206,495,3.6895502
206,186,3.6346939
206,178,3.5022016
206,639,3.478567
206,303,3.4242184
206,165,3.3927681
206,201,3.3388276
206,192,3.3150759
206,1118,3.257213
206,90,3.241333
206,432,3.2345564
206,46,3.2303445
206,425,3.2264087
206,517,3.17691
206,132,3.167534
207,49,5.6373644
207,1010,5.587645
207,168,5.361114
207,483,5.3061852
207,526,5.248483
207,611,5.243233
207,528,5.2043066
207,1003,5.120622
207,646,5.0841336
207,746,5.073554
207,832,5.043685
207,169,5.0118427
207,443,5.0052633
207,915,4.993809
207,277,4.963627
207,171,4.962172
207,645,4.950461
207,164,4.9282036
207,1141,4.883351
207,518,4.8653183
208,1146,5.2902684
208,476,5.2029915
208,250,5.201497
208,749,5.1120296
208,1254,5.0627227
208,172,5.03938
208,171,5.032007
208,155,5.0036488
208,47,4.992908
208,949,4.989855
208,831,4.9686484
208,610,4.9220514
208,587,4.8774576
208,273,4.872137
208,848,4.8490186
208,897,4.825633
208,189,4.7598634
208,948,4.7542896
208,167,4.7542
208,1246,4.753554
209,484,6.1660013
209,1140,5.7526774
209,49,5.730974
209,1118,5.7161484
209,605,5.6892586
209,604,5.670787
209,169,5.543888
209,460,5.519343
209,970,5.4967012
209,719,5.4023705
209,241,5.371231
209,649,5.3622804
209,647,5.3536973
209,1220,5.3448095
209,837,5.3292136
209,1041,5.310079
209,636,5.2802687
209,613,5.2689962
209,131,5.2649665
209,480,5.2446713
210,541,5.717555
210,1411,5.2916393
210,1330,5.2802205
210,314,5.2334194
210,654,5.233286
210,1430,5.2158823
210,509,5.140138
210,338,5.1310563
210,63,5.0979137
210,355,5.0690875
210,731,5.0556664
210,1111,5.0451636
210,198,5.03687
210,55,5.0314217
210,646,5.0226464
210,261,5.016314
210,494,5.0109367
210,520,5.0101466
210,425,5.0005465
210,1174,4.9962535
211,165,5.6566157
211,1013,5.591051
211,113,5.50277
211,742,5.43294
211,392,5.4290185
211,1485,5.323049
211,891,5.281269
211,536,5.268167
211,726,5.24212
211,218,5.188652
211,250,5.1881275
211,1182,5.153798
211,188,5.1447077
211,916,5.144301
211,643,5.132161
211,270,5.0923476
211,1156,5.0838966
211,468,5.0630245
211,1030,5.058824
211,971,5.0411315
212,194,6.337872
212,236,5.9822373
212,120,5.594053
212,250,5.547648
212,95,5.4979753
212,201,5.364844
212,173,5.3045435
212,72,5.2666097
212,1123,5.266142
212,383,5.255257
212,21,5.1852903
212,311,5.1808333
212,221,5.1494455
212,505,5.143046
212,890,5.133121
212,308,5.0966854
212,1136,5.090304
212,55,5.0627975
212,172,5.0334973
212,229,5.022477
213,587,6.035972
213,55,5.9552426
213,937,5.777567
213,1092,5.7115793
213,1011,5.6152086
213,280,5.5080013
213,355,5.465102
213,849,5.2078533
213,1220,5.1689672
213,1054,5.096082
213,928,5.074545
213,671,5.068529
213,894,5.0539412
213,281,5.0166464
213,191,4.953201
213,331,4.93441
213,890,4.921964
213,229,4.9114923
213,370,4.9103127
213,674,4.8746667
214,172,4.934738
214,126,4.906336
214,501,4.8987846
214,476,4.8054104
214,250,4.798827
214,168,4.784241
214,1036,4.7501764
214,1158,4.7354364
214,1254,4.714296
214,848,4.6729484
214,528,4.663104
214,198,4.6365123
214,516,4.6340637
214,479,4.6284027
214,939,4.622408
214,175,4.6216946
214,609,4.616772
214,1129,4.5861635
214,170,4.574692
214,606,4.5648913
215,165,4.62016
215,1205,4.577037
215,1297,4.498639
215,453,4.4057903
215,646,4.3841815
215,612,4.3352423
215,582,4.2219644
215,420,4.185874
215,611,4.1375084
215,942,4.079809
215,1010,4.0622845
215,714,4.038049
215,1394,4.031588
215,234,4.021894
215,899,4.01935
215,1118,3.9975822
215,146,3.9818566
215,274,3.9636676
215,1582,3.9344132
215,286,3.9186008
216,714,5.11963
216,688,4.8666587
216,165,4.8208294
216,189,4.7511873
216,261,4.7423553
216,311,4.7054973
216,1485,4.675271
216,1582,4.6729774
216,1254,4.6673603
216,295,4.6096816
216,1153,4.6056404
216,1118,4.575349
216,1261,4.5286922
216,971,4.5029564
216,1352,4.4810514
216,1012,4.455194
216,1013,4.4488406
216,270,4.428519
216,476,4.4018598
216,612,4.385563
217,1430,5.0692754
217,1485,5.050588
217,1254,5.045889
217,1124,4.968769
217,476,4.949079
217,155,4.9238043
217,47,4.889798
217,198,4.8590126
217,848,4.8541126
217,1330,4.756754
217,949,4.750218
217,1158,4.7499833
217,691,4.727661
217,501,4.723151
217,523,4.7153482
217,44,4.71531
217,1440,4.7034187
217,1055,4.675849
217,609,4.6247544
217,669,4.5720687
218,688,5.688175
218,171,5.5608163
218,97,5.552028
218,1352,5.5355825
218,165,5.511195
218,1011,5.5104723
218,476,5.4296794
218,954,5.325683
218,295,5.321523
218,611,5.298208
218,501,5.2892523
218,698,5.2789135
218,636,5.276677
218,1118,5.271277
218,1147,5.25339
218,1582,5.251823
218,487,5.251108
218,714,5.23949
218,164,5.2357006
218,1330,5.202722
219,113,5.861637
219,90,5.41272
219,661,5.33727
219,742,5.2305317
219,893,5.1985245
219,197,5.1882863
219,644,5.113099
219,428,5.0849524
219,850,5.0839934
219,655,5.058201
219,694,5.054635
219,9,5.0499477
219,432,5.030661
219,1352,5.0258594
219,186,5.005837
219,314,4.9804235
219,1013,4.9682574
219,726,4.9634757
219,118,4.955806
219,487,4.948721
220,1118,5.842585
220,1182,5.5974674
220,1207,5.2600174
220,1035,5.229399
220,1013,5.1716366
220,65,5.154729
220,1033,4.989023
220,268,4.961461
220,862,4.961049
220,604,4.9542217
220,631,4.953247
220,392,4.9219813
220,916,4.8891497
220,719,4.8430743
220,716,4.834957
220,390,4.793796
220,294,4.7915516
220,1181,4.7635365
220,1248,4.753857
220,643,4.7316837
221,390,5.6010313
221,1485,5.569339
221,1252,5.494216
221,464,5.4259405
221,113,5.3182325
221,1220,5.2087483
221,1330,5.182604
221,742,5.1565065
221,510,5.14497
221,1430,5.118815
221,651,5.094674
221,343,5.086031
221,893,5.084649
221,515,5.0501637
221,1011,5.0500536
221,1441,5.0398226
221,151,5.036239
221,1159,5.0118527
221,184,5.0115886
221,130,4.9972515
222,1485,5.479174
222,1330,5.383902
222,198,5.36674
222,55,5.2882037
222,479,5.2416925
222,523,5.223076
222,643,5.1865144
222,691,5.1805334
222,176,5.1752777
222,1440,5.1624265
222,428,5.1511006
222,476,5.146143
222,501,5.1228404
222,601,5.1200175
222,1158,5.1168566
222,1055,5.112075
222,462,5.0872016
222,1430,5.0831532
222,133,5.0598483
222,179,5.056755
223,937,6.0518403
223,1118,5.970551
223,498,5.7453094
223,647,5.6515026
223,1140,5.5866795
223,135,5.559198
223,1220,5.4911065
223,316,5.4429545
223,241,5.43758
223,317,5.4364796
223,38,5.3721786
223,294,5.268271
223,862,5.2446437
223,970,5.2376647
223,1011,5.214847
223,337,5.199108
223,1124,5.187099
223,1090,5.162232
223,1410,5.1563196
223,657,5.131483
224,971,7.2250504
224,1146,6.9870067
224,108,6.806699
224,809,6.7556806
224,235,6.724236
224,341,6.7086506
224,587,6.6999063
224,749,6.565398
224,275,6.5562696
224,714,6.5487885
224,1382,6.480048
224,1204,6.4463196
224,346,6.408074
224,380,6.402925
224,252,6.3922234
224,269,6.381107
224,1153,6.3656178
224,1154,6.34403
224,1124,6.343338
224,578,6.3073716
225,906,6.1628685
225,1118,6.1345444
225,536,6.0634475
225,933,5.9862547
225,211,5.9654794
225,839,5.9180245
225,971,5.888625
225,165,5.7948937
225,235,5.763184
225,347,5.69893
225,537,5.676767
225,714,5.656877
225,1207,5.6566944
225,1012,5.5935936
225,1061,5.5677524
225,380,5.563983
225,24,5.540661
225,456,5.4979115
225,593,5.4961095
225,338,5.488064
226,1146,5.438779
226,314,5.222169
226,849,5.17795
226,509,5.128888
226,256,5.1037407
226,529,5.094655
226,194,5.093025
226,173,5.0735583
226,295,5.043295
226,190,5.0295963
226,273,5.0294423
226,650,5.0222607
226,171,4.9825983
226,1107,4.9791465
226,63,4.9716744
226,587,4.968598
226,649,4.947453
226,15,4.9449735
226,948,4.929147
226,1092,4.916258
227,314,5.079851
227,509,5.0042276
227,55,4.995819
227,528,4.9003534
227,165,4.896972
227,190,4.845504
227,650,4.8414507
227,344,4.789908
227,541,4.77535
227,599,4.6887712
227,191,4.6885014
227,527,4.681535
227,126,4.68049
227,171,4.6512976
227,1111,4.645511
227,649,4.623844
227,1124,4.6163535
227,172,4.605586
227,1129,4.5863004
227,164,4.5796165
228,355,5.627149
228,636,5.481614
228,1011,5.4394307
228,479,5.4359627
228,1036,5.318494
228,605,5.225927
228,97,5.001176
228,946,4.9952917
228,545,4.992165
228,1485,4.987463
228,657,4.954958
228,604,4.9295
228,1330,4.9277806
228,1410,4.9269285
228,638,4.9221563
228,801,4.9017944
228,427,4.894127
228,647,4.8726764
228,173,4.869157
228,492,4.8507614
229,1118,5.41671
229,1140,4.6181927
229,1205,4.602177
229,294,4.5733085
229,27,4.5312476
229,1220,4.5137587
229,113,4.466851
229,165,4.4400215
229,201,4.424155
229,862,4.4172444
229,68,4.401837
229,1572,4.3837442
229,605,4.3669233
229,169,4.3555493
229,21,4.264943
229,783,4.2564583
229,189,4.2342134
229,65,4.2060957
229,649,4.204598
229,173,4.195552
230,1118,5.619185
230,97,5.5966406
230,1352,5.2958217
230,165,5.2822485
230,1582,5.245998
230,612,5.244556
230,355,5.1529326
230,494,5.0928125
230,1011,5.085781
230,1181,5.0681586
230,294,5.05811
230,928,5.0134435
230,639,5.009478
230,126,5.009225
230,485,5.0038548
230,241,4.994494
230,604,4.9874945
230,270,4.984146
230,1140,4.981285
230,169,4.977707
231,611,5.5106583
231,481,5.270845
231,99,5.2314243
231,914,5.2067037
231,645,5.186763
231,746,5.158325
231,342,5.157555
231,198,5.1568174
231,646,5.1469283
231,509,5.121551
231,998,5.099865
231,601,5.089832
231,1141,5.0862966
231,496,5.076089
231,168,5.066223
231,482,5.03138
231,1111,5.0234
231,520,5.0157337
231,182,5.015159
231,897,5.004879
232,126,5.408625
232,165,5.392279
232,113,5.3368454
232,250,5.3276014
232,609,5.254607
232,485,5.2473955
232,355,5.214219
232,501,5.1996565
232,186,5.135619
232,513,5.0649037
232,168,5.0282497
232,164,5.021317
232,295,5.0174103
232,655,5.01373
232,188,4.9813075
232,218,4.918248
232,528,4.9083576
232,611,4.871393
232,185,4.8611975
232,832,4.8503437
233,165,4.9202466
233,250,4.8007274
233,1182,4.6143293
233,1010,4.5514274
233,392,4.5399737
233,311,4.5041623
233,1118,4.4547176
233,354,4.424907
233,1264,4.39689
233,270,4.382348
233,81,4.3691435
233,168,4.3210244
233,937,4.3162627
233,188,4.3030033
233,611,4.302056
233,731,4.248179
233,221,4.1877937
233,376,4.1810822
233,732,4.178277
233,401,4.154095
234,714,6.4340057
234,1118,6.069852
234,235,6.012472
234,1154,5.9311934
234,173,5.8826904
234,688,5.881937
234,1153,5.8038964
234,49,5.7716784
234,256,5.752799
234,380,5.677873
234,171,5.610152
234,971,5.602559
234,1005,5.585878
234,599,5.5761967
234,95,5.5680623
234,180,5.5525846
234,1582,5.542399
234,1075,5.534061
234,131,5.525528
234,695,5.5251393
235,1114,4.8382936
235,809,4.721409
235,47,4.677448
235,514,4.563937
235,610,4.497254
235,1056,4.4839272
235,749,4.4564652
235,149,4.423888
235,848,4.401612
235,850,4.3432565
235,662,4.328461
235,851,4.303616
235,1382,4.2738013
235,155,4.259458
235,766,4.2371864
235,506,4.2353334
235,1111,4.157615
235,1578,4.149668
235,8,4.1463437
235,914,4.113642
236,914,6.2748485
236,1010,6.0163317
236,132,5.926786
236,611,5.913024
236,483,5.8165307
236,250,5.7678905
236,432,5.7578683
236,1181,5.722066
236,165,5.651046
236,188,5.6149216
236,578,5.6004925
236,891,5.583096
236,495,5.451933
236,277,5.366704
236,582,5.3463426
236,514,5.345394
236,244,5.3170896
236,308,5.30274
236,646,5.2748947
236,500,5.2727184
237,1088,5.5103545
237,833,5.4381423
237,998,5.430352
237,612,5.382453
237,1012,5.3665757
237,96,5.3430905
237,611,5.2956867
237,146,5.294212
237,1264,5.251815
237,632,5.216937
237,528,5.1797423
237,99,5.1551156
237,747,5.1518984
237,18,5.1417265
237,256,5.1293674
237,646,5.122375
237,5,5.1159897
237,950,5.109783
237,688,5.0735836
237,746,5.040777
238,344,5.859553
238,178,5.6949143
238,47,5.669856
238,891,5.488589
238,848,5.3490953
238,174,5.3203616
238,610,5.239247
238,850,5.190494
238,694,5.1511292
238,159,5.1150284
238,181,5.052502
238,652,5.0418158
238,512,5.0201297
238,662,5.0156956
238,202,4.986696
238,113,4.974919
238,953,4.9667215
238,996,4.966281
238,1010,4.9581294
238,1114,4.9402723
239,505,5.041336
239,1146,4.882943
239,311,4.8541718
239,971,4.8506403
239,299,4.7967067
239,456,4.778076
239,394,4.69009
239,1261,4.675658
239,316,4.6675916
239,165,4.6674986
239,235,4.6385946
239,849,4.638547
239,587,4.610279
239,839,4.608875
239,270,4.607439
239,933,4.606146
239,348,4.59659
239,1049,4.5836725
239,218,4.579171
239,629,4.5704308
240,113,5.3083205
240,897,5.185837
240,505,5.0303154
240,177,5.0057464
240,47,4.904873
240,314,4.8987904
240,343,4.8861346
240,893,4.8373027
240,46,4.836657
240,1220,4.83248
240,749,4.826575
240,652,4.7892833
240,388,4.7720656
240,178,4.749972
240,587,4.730375
240,511,4.6994123
240,1330,4.6920724
240,642,4.676015
240,309,4.6655464
240,313,4.565485
241,505,5.63309
241,155,5.33011
241,506,5.3040905
241,1010,5.2585564
241,1111,5.2222743
241,188,5.1735315
241,149,5.0991096
241,47,5.088679
241,283,5.066143
241,113,5.0540066
241,1226,5.0126004
241,1264,5.0114565
241,915,4.973367
241,731,4.9504347
241,1212,4.926011
241,417,4.9243517
241,526,4.8999624
241,182,4.888382
241,25,4.856697
241,527,4.852117
242,1012,5.308508
242,1036,5.229173
242,749,5.120871
242,250,5.07287
242,479,5.0490146
242,300,5.0409994
242,652,5.0288115
242,578,4.990964
242,1352,4.976889
242,998,4.9564123
242,1124,4.941536
242,645,4.9381127
242,445,4.9352775
242,631,4.9247317
242,1496,4.9208803
242,647,4.8758693
242,1158,4.857523
242,318,4.844261
242,789,4.8409758
242,344,4.8334002
243,587,6.173339
243,55,6.135891
243,476,5.915237
243,189,5.799799
243,949,5.758913
243,1231,5.730107
243,1124,5.7288265
243,47,5.715156
243,644,5.5427074
243,839,5.5414495
243,1430,5.3847046
243,295,5.3802547
243,501,5.364729
243,1146,5.344437
243,1208,5.3399515
243,935,5.3358293
243,1158,5.327422
243,1147,5.320332
243,1254,5.3033476
243,650,5.30096
244,1231,5.713383
244,1147,5.688751
244,612,5.6689897
244,1352,5.558899
244,528,5.5121818
244,5,5.452566
244,1229,5.4431663
244,1088,5.4366164
244,1361,5.3636312
244,632,5.357703
244,434,5.3441143
244,1158,5.3437314
244,241,5.331301
244,1012,5.327785
244,937,5.3191495
244,649,5.319098
244,950,5.3092217
244,789,5.3053875
244,644,5.3023605
244,1330,5.300466
245,1118,6.2292967
245,1012,5.4808064
245,1182,5.4653583
245,1013,5.417187
245,1207,5.3198605
245,937,5.272433
245,719,5.250716
245,1035,5.246111
245,1181,5.2301254
245,1352,5.2092733
245,661,5.203809
245,165,5.1831927
245,113,5.1759796
245,1033,5.163408
245,1011,5.1577373
245,631,5.130662
245,862,5.0961123
245,1485,5.095662
245,716,5.0850635
245,124,5.0834646
246,1118,5.464978
246,766,5.269865
246,522,5.25382
246,8,5.156519
246,749,4.9374547
246,317,4.9368005
246,719,4.8993516
246,714,4.899243
246,514,4.8919616
246,971,4.8916373
246,342,4.8756995
246,688,4.841576
246,303,4.835162
246,464,4.8068514
246,860,4.7346883
246,290,4.70389
246,385,4.7031603
246,380,4.697083
246,970,4.6894064
246,578,4.685364
247,218,5.5870504
247,132,5.4436193
247,49,5.178653
247,171,5.0848465
247,483,5.07656
247,168,5.0559745
247,97,4.991699
247,526,4.9669294
247,316,4.9500184
247,0,4.920395
247,165,4.9069
247,169,4.8582897
247,164,4.846732
247,126,4.8225784
247,832,4.8199863
247,485,4.8172083
247,481,4.759314
247,732,4.7551575
247,299,4.753777
247,1264,4.7222867
248,611,4.9532566
248,168,4.8505464
248,1111,4.756797
248,11,4.7042875
248,998,4.701679
248,49,4.6201124
248,283,4.492634
248,170,4.429479
248,149,4.4174685
248,172,4.403153
248,344,4.3940883
248,645,4.3655787
248,527,4.352621
248,897,4.289423
248,92,4.2893386
248,528,4.287789
248,1124,4.2854095
248,250,4.2630606
248,606,4.2328353
248,481,4.2231817
249,165,5.6958084
249,1182,5.086061
249,63,5.0579305
249,168,4.9869127
249,250,4.9809237
249,173,4.917505
249,209,4.9101133
249,78,4.8540363
249,65,4.7910852
249,689,4.790672
249,861,4.771422
249,97,4.7583923
249,400,4.745188
249,113,4.729413
249,295,4.7067704
249,171,4.693031
249,264,4.671951
249,21,4.659199
249,160,4.646652
249,326,4.626047
250,1011,5.321321
250,165,5.18589
250,479,5.162275
250,1036,5.149795
250,1485,5.123595
250,476,5.0440674
250,631,4.983678
250,295,4.9615283
250,937,4.9371896
250,501,4.909873
250,250,4.890986
250,1140,4.877409
250,494,4.875631
250,636,4.8388653
250,392,4.8291397
250,661,4.826318
250,928,4.8252974
250,1158,4.823256
250,126,4.8113723
250,1330,4.7995677
251,1118,5.6366453
251,937,5.141732
251,392,4.7905426
251,1146,4.7900066
251,777,4.655721
251,108,4.634636
251,587,4.6077747
251,714,4.520963
251,124,4.5138664
251,1207,4.494353
251,1410,4.4750023
251,146,4.431329
251,792,4.4158096
251,749,4.4060564
251,1136,4.401579
251,839,4.396501
251,688,4.392439
251,337,4.3719106
251,221,4.3573675
251,331,4.3343797
252,250,4.6818895
252,1049,4.4373574
252,1012,4.417759
252,1146,4.3603272
252,1010,4.344186
252,308,4.295445
252,611,4.2836018
252,1314,4.275014
252,643,4.273311
252,939,4.2499256
252,305,4.24416
252,8,4.2182894
252,165,4.207768
252,1136,4.206644
252,1123,4.192371
252,522,4.176646
252,587,4.17033
252,1264,4.1101723
252,610,4.103096
252,726,4.092263
253,306,5.6300344
253,654,5.5582027
253,338,5.5400457
253,274,5.4859943
253,1012,5.450108
253,945,5.401993
253,714,5.346473
253,1411,5.328841
253,950,5.323605
253,691,5.246312
253,18,5.235522
253,235,5.224612
253,632,5.196285
253,261,5.164832
253,385,5.142158
253,1229,5.1090345
253,1330,5.095392
253,1005,4.992047
253,929,4.975968
253,85,4.975882
254,1010,5.458931
254,250,5.3440213
254,505,5.3079023
254,155,5.3031325
254,47,5.2040114
254,882,5.134806
254,1212,5.103159
254,1264,4.9963007
254,41,4.9886146
254,1226,4.979946
254,25,4.9617324
254,610,4.953158
254,527,4.9248047
254,98,4.8927774
254,316,4.887424
254,611,4.8453474
254,198,4.8425975
254,188,4.7783184
254,308,4.7676086
254,173,4.754294
255,1485,5.5960913
255,425,5.562304
255,478,5.469629
255,601,5.4627347
255,1330,5.4516783
255,481,5.3521895
255,477,5.3511953
255,196,5.3212256
255,184,5.3014126
255,134,5.2851605
255,613,5.2707586
255,1352,5.246716
255,1190,5.2293196
255,1272,5.1421146
255,342,5.131505
255,482,5.1256633
255,789,5.1068463
255,177,5.090166
255,659,5.087822
255,136,5.085131
256,789,5.673436
256,691,5.474724
256,1330,5.233298
256,937,5.2315073
256,746,5.062356
256,255,5.026454
256,18,4.997415
256,498,4.989234
256,951,4.951253
256,518,4.946284
256,47,4.9216185
256,1141,4.8798723
256,652,4.870222
256,38,4.869629
256,1496,4.8689275
256,41,4.804257
256,523,4.7792563
256,222,4.7675056
256,704,4.749605
256,489,4.7231174
257,1485,6.2090106
257,390,5.9413357
257,742,5.8274403
257,1011,5.7584453
257,63,5.734484
257,97,5.68583
257,55,5.6618648
257,691,5.642767
257,464,5.6416674
257,661,5.61852
257,428,5.6115556
257,1330,5.6084824
257,316,5.565319
257,86,5.5641766
257,113,5.5616584
257,181,5.5338063
257,1055,5.5064645
257,1220,5.4834933
257,643,5.4765296
257,184,5.476249
258,55,5.757949
258,1485,5.6182413
258,189,5.586384
258,587,5.581128
258,937,5.555047
258,476,5.5431952
258,6,5.5302634
258,1136,5.525184
258,1146,5.489307
258,316,5.477328
258,165,5.4681854
258,295,5.4448786
258,1118,5.421895
258,1410,5.4215784
258,173,5.396427
258,1011,5.380415
258,862,5.3593254
258,1441,5.358458
258,47,5.3557973
258,691,5.346444
259,731,5.096016
259,314,5.077709
259,58,4.9845552
259,464,4.918653
259,587,4.914205
259,893,4.7903914
259,1092,4.783164
259,1182,4.7670355
259,1049,4.758069
259,250,4.743664
259,165,4.7300296
259,400,4.70824
259,113,4.6991754
259,1220,4.6906843
259,397,4.6869965
259,270,4.684337
259,937,4.679269
259,742,4.661928
259,643,4.642599
259,426,4.6169934
260,1012,5.805892
260,688,5.7170486
260,522,5.633107
260,950,5.628622
260,833,5.5631485
260,1088,5.4763045
260,414,5.3558025
260,329,5.3469157
260,1118,5.2886553
260,1147,5.2661233
260,258,5.2534065
260,250,5.252575
260,632,5.2491097
260,998,5.244061
260,971,5.230653
260,18,5.2299347
260,514,5.209827
260,1013,5.201597
260,1075,5.200505
260,254,5.1789746
261,165,5.57581
261,250,5.4135823
261,311,5.3274965
261,1156,5.1423855
261,270,5.10722
261,63,5.077472
261,1485,5.0008693
261,1182,4.975429
261,295,4.926994
261,476,4.9224677
261,1140,4.91663
261,954,4.9096136
261,661,4.907609
261,643,4.8533773
261,1136,4.830641
261,683,4.8263826
261,1248,4.8044524
261,392,4.797616
261,428,4.7941356
261,113,4.7862053
262,1485,4.7033844
262,1330,4.492329
262,1430,4.480035
262,1352,4.3408494
262,1055,4.301259
262,1411,4.2608852
262,1012,4.18285
262,654,4.1534705
262,1441,4.1509933
262,1525,4.108706
262,858,4.0899715
262,1190,4.029398
262,155,4.0036297
262,485,3.995054
262,8,3.9682891
262,1174,3.9654996
262,430,3.9577525
262,669,3.9443738
262,1292,3.9113066
262,56,3.90463
263,55,6.365214
263,47,5.857113
263,848,5.7883787
263,1254,5.773465
263,155,5.7587748
263,189,5.6917253
263,714,5.618363
263,261,5.6072664
263,587,5.5952444
263,295,5.55022
263,1485,5.535827
263,485,5.462291
263,1430,5.4575915
263,609,5.4418097
263,1092,5.4377737
263,181,5.4181695
263,1030,5.411125
263,1146,5.3977447
263,113,5.3858995
263,915,5.3511186
264,456,5.1591125
264,1485,5.0799646
264,895,4.8383803
264,1330,4.755937
264,133,4.7476377
264,218,4.7179856
264,1055,4.7052245
264,1013,4.6810837
264,691,4.6686277
264,165,4.6610074
264,601,4.6169796
264,661,4.6008153
264,954,4.542303
264,184,4.541464
264,63,4.5109873
264,428,4.493746
264,478,4.493498
264,636,4.493298
264,939,4.491258
264,113,4.479412
265,1485,4.778839
265,714,4.725558
265,165,4.631218
265,295,4.6253324
265,261,4.617112
265,1330,4.597562
265,509,4.58836
265,849,4.539226
265,1088,4.5348864
265,425,4.4925184
265,311,4.483409
265,632,4.452028
265,476,4.446318
265,428,4.42545
265,1055,4.423229
265,1147,4.4181023
265,473,4.4180713
265,1124,4.4135666
265,126,4.409164
265,1112,4.4062533
266,1485,5.154603
266,494,4.952762
266,1441,4.9165673
266,126,4.8917737
266,1330,4.8305745
266,133,4.82892
266,1352,4.8066454
266,631,4.6992064
266,601,4.691616
266,1118,4.68899
266,482,4.680028
266,184,4.6674824
266,198,4.632862
266,509,4.622671
266,486,4.5997477
266,479,4.597413
266,1012,4.5785246
266,1141,4.5700116
266,63,4.5698295
266,478,4.568136
267,250,5.56367
267,165,5.262171
267,1182,5.0451674
267,63,5.0238914
267,1012,5.02048
267,643,5.0067444
267,1109,5.006732
267,1123,4.8938293
267,245,4.879781
267,759,4.832879
267,1231,4.8323073
267,392,4.814738
267,295,4.7924466
267,1013,4.782634
267,954,4.775065
267,683,4.7583356
267,406,4.7568183
267,770,4.7564697
267,1158,4.7542186
267,168,4.734208
268,165,5.678071
268,612,5.358122
268,501,5.278514
268,295,5.1887145
268,355,5.162984
268,63,5.126669
268,113,5.111744
268,124,5.0939646
268,609,5.0886054
268,485,5.0530324
268,611,5.048354
268,189,5.0476456
268,1118,5.0397468
268,777,5.031811
268,209,5.0264316
268,1112,5.026245
268,168,5.0219517
268,95,5.0188856
268,250,4.9988465
268,173,4.9928513
269,1485,5.7481956
269,1330,5.5669184
269,937,5.56177
269,189,5.535146
269,425,5.534849
269,509,5.479286
269,1088,5.442917
269,1055,5.392585
269,1112,5.37561
269,479,5.373193
269,100,5.3680773
269,1011,5.3415327
269,133,5.3403587
269,939,5.3112907
269,478,5.3024025
269,895,5.3015647
269,691,5.300702
269,643,5.2978344
269,1054,5.2978263
269,1229,5.2778807
270,1582,5.857391
270,1441,5.857192
270,698,5.6855903
270,1141,5.553146
270,714,5.546807
270,47,5.5016713
270,688,5.4894314
270,489,5.4547057
270,691,5.381884
270,8,5.346418
270,1292,5.3373346
270,18,5.331741
270,1118,5.309054
270,696,5.2985563
270,863,5.24688
270,1402,5.2381816
270,807,5.233745
270,82,5.2321663
270,1537,5.2300997
270,125,5.21768
271,13,5.0869737
271,714,5.0355463
271,1174,5.029053
271,1578,5.004726
271,123,4.953997
271,342,4.936919
271,1111,4.929876
271,654,4.914324
271,303,4.894057
271,283,4.8905582
271,851,4.854222
271,1411,4.836175
271,1352,4.7918706
271,344,4.790883
271,301,4.781333
271,379,4.7580843
271,899,4.75457
271,118,4.7299495
271,1330,4.7294483
271,860,4.7209787
272,523,5.0064135
272,789,4.98638
272,198,4.8455033
272,652,4.754906
272,176,4.7268295
272,1330,4.68736
272,126,4.677804
272,479,4.6718864
272,645,4.6412616
272,1578,4.625217
272,1496,4.5879936
272,1352,4.4929914
272,186,4.467875
272,406,4.3994956
272,749,4.3877993
272,691,4.3823934
272,651,4.3736105
272,851,4.351824
272,1141,4.335082
272,957,4.327119
273,342,5.8278985
273,518,5.6168847
273,1141,5.4671807
273,47,5.4629817
273,99,5.399541
273,1140,5.342831
273,1077,5.2898726
273,807,5.2767262
273,586,5.2749677
273,698,5.2444386
273,1441,5.237665
273,56,5.2133675
273,645,5.208428
273,270,5.204619
273,691,5.1977882
273,207,5.1733584
273,591,5.1464934
273,970,5.1234093
273,27,5.1192236
273,750,5.1169634
274,495,5.7776494
274,1352,5.690896
274,113,5.622153
274,186,5.5352855
274,406,5.5060797
274,13,5.3844543
274,487,5.371304
274,613,5.3477793
274,197,5.3452907
274,605,5.3176527
274,545,5.2448997
274,177,5.193159
274,652,5.1923127
274,928,5.1903696
274,661,5.1557713
274,614,5.1486773
274,491,5.1359057
274,130,5.109958
274,636,5.0964603
274,432,5.08906
275,159,5.7153397
275,996,5.5882435
275,893,5.577576
275,113,5.57478
275,914,5.543782
275,90,5.5086536
275,428,5.478531
275,742,5.4731946
275,1099,5.455701
275,749,5.445148
275,510,5.4344807
275,456,5.3758087
275,406,5.330223
275,390,5.3013954
275,545,5.2728357
275,1049,5.2579303
275,1056,5.2534423
275,891,5.2023716
275,694,5.1719637
275,32,5.121142
276,1011,5.589304
276,928,5.516717
276,954,5.3649654
276,212,5.2949705
276,605,5.25878
276,97,5.1766415
276,671,5.1623926
276,316,5.146616
276,285,5.1459675
276,653,5.120369
276,636,5.0829573
276,281,5.06884
276,355,5.045961
276,206,4.9943833
276,895,4.953962
276,184,4.9186244
276,649,4.9158497
276,858,4.9059453
276,1220,4.9044976
276,196,4.887535
277,342,5.4100194
277,13,5.127537
277,1578,5.027029
277,645,4.97132
277,511,4.957425
277,136,4.9433866
277,177,4.925079
277,1174,4.924751
277,1330,4.8833447
277,491,4.8760076
277,472,4.850806
277,478,4.8400884
277,113,4.836671
277,613,4.82958
277,614,4.788093
277,314,4.7348847
277,915,4.7325583
277,406,4.724896
277,425,4.7058043
277,654,4.705679
278,308,5.0083117
278,746,4.8382974
278,120,4.836156
278,311,4.7806253
278,937,4.7472587
278,173,4.7142496
278,1136,4.677475
278,270,4.651109
278,194,4.6494246
278,250,4.6411557
278,429,4.621046
278,21,4.594996
278,587,4.4743075
278,489,4.467311
278,18,4.465318
278,226,4.4186606
278,914,4.377041
278,518,4.3706155
278,221,4.34223
278,683,4.330939
279,165,4.6815453
279,1182,4.576847
279,250,4.233497
279,113,3.9930017
279,1010,3.9841964
279,168,3.9035182
279,209,3.9000082
279,188,3.8854976
279,124,3.8596447
279,731,3.847709
279,65,3.838742
279,738,3.815076
279,689,3.7972171
279,63,3.7875707
279,400,3.7517343
279,354,3.7436187
279,132,3.742483
279,611,3.734825
279,173,3.7323534
279,392,3.7080848
280,1578,5.770946
280,1114,5.639434
280,882,5.5971622
280,47,5.5416737
280,645,5.541609
280,510,5.530376
280,198,5.3688345
280,283,5.364946
280,168,5.3514943
280,1430,5.33427
280,897,5.3074474
280,342,5.299153
280,1111,5.2937737
280,610,5.2341003
280,915,5.2266293
280,8,5.2240753
280,601,5.221311
280,88,5.2139587
280,482,5.2127247
280,914,5.2106776
281,536,5.816309
281,848,5.5852313
281,159,5.5079794
281,165,5.38935
281,1056,5.306856
281,25,5.2189465
281,527,5.205207
281,113,5.2020583
281,759,5.1819453
281,1314,5.174501
281,906,5.152899
281,717,5.1266375
281,1068,5.0332623
281,1089,5.019559
281,456,4.9858685
281,200,4.9658
281,694,4.9508457
281,849,4.901753
281,726,4.893498
281,891,4.8912816
282,1088,5.4769254
282,100,5.2409325
282,839,4.9514713
282,1012,4.929089
282,849,4.8587484
282,1485,4.739773
282,18,4.6708894
282,178,4.664091
282,939,4.6390605
282,55,4.6376286
282,1118,4.636519
282,950,4.6122513
282,632,4.5855284
282,1231,4.5778313
282,1330,4.5584965
282,691,4.5577435
282,937,4.538708
282,59,4.536006
282,274,4.525411
282,316,4.522865
283,159,6.0873775
283,456,5.9399486
283,250,5.902464
283,113,5.8046093
283,200,5.753835
283,891,5.6822143
283,848,5.6581764
283,1010,5.6531625
283,165,5.620844
283,63,5.5991797
283,151,5.505277
283,1013,5.4840865
283,485,5.413517
283,611,5.403792
283,188,5.371845
283,536,5.358156
283,742,5.344079
283,774,5.332712
283,168,5.282794
283,513,5.2683206
284,228,6.5243573
284,201,6.260954
284,72,6.0267143
284,1033,5.940921
284,236,5.874658
284,226,5.7981544
284,937,5.681509
284,144,5.600043
284,124,5.487182
284,738,5.476452
284,254,5.430831
284,229,5.41853
284,221,5.3840237
284,194,5.3712807
284,97,5.3534746
284,1182,5.261701
284,1118,5.246525
284,751,5.2269363
284,65,5.21778
284,390,5.174817
285,1330,5.917708
285,314,5.7624626
285,509,5.6907535
285,1430,5.6499004
285,1111,5.6426992
285,527,5.5777483
285,1485,5.5580597
285,521,5.5287213
285,170,5.474528
285,198,5.4740024
285,541,5.4509
285,164,5.417383
285,528,5.401622
285,1525,5.3183923
285,1254,5.291338
285,172,5.284648
285,523,5.25479
285,897,5.2423854
285,659,5.2311354
285,58,5.216463
286,390,5.996053
286,1485,5.8416266
286,479,5.6245027
286,742,5.552889
286,41,5.5233684
286,1011,5.3949075
286,1252,5.382656
286,63,5.3432508
286,38,5.339077
286,774,5.3249373
286,891,5.317647
286,462,5.2941537
286,643,5.291804
286,113,5.2871084
286,1159,5.269632
286,523,5.263789
286,661,5.251136
286,691,5.2480397
286,689,5.22869
286,937,5.1889596
287,55,6.3476496
287,47,5.7523975
287,848,5.751385
287,1430,5.6753225
287,155,5.6070204
287,610,5.5240746
287,198,5.4702387
287,1254,5.468224
287,1485,5.4537673
287,1114,5.4502892
287,915,5.431752
287,1330,5.4303117
287,669,5.3669214
287,167,5.308075
287,178,5.301261
287,25,5.2721004
287,726,5.256098
287,609,5.244165
287,652,5.240258
287,639,5.232422
288,1220,6.086722
288,1118,6.029323
288,135,6.000409
288,343,5.984193
288,749,5.9648876
288,1441,5.8829513
288,732,5.8778477
288,1485,5.824791
288,316,5.805468
288,642,5.775103
288,1330,5.7415524
288,482,5.722872
288,1525,5.710241
288,494,5.705247
288,376,5.6923995
288,1430,5.691691
288,505,5.6525817
288,952,5.641103
288,123,5.5981073
288,1011,5.5908833
289,344,5.3823886
289,1114,5.288836
289,1111,5.2861795
289,851,5.1646996
289,714,5.161689
289,47,5.132622
289,118,5.1047325
289,1578,5.078013
289,809,5.0668917
289,610,5.061765
289,645,4.9902515
289,149,4.9870477
289,223,4.98175
289,541,4.9812856
289,848,4.9774227
289,461,4.9705915
289,178,4.930918
289,1581,4.895274
289,652,4.894888
289,915,4.882902
290,55,5.875316
290,541,5.472886
290,155,5.3212905
290,314,5.2846537
290,198,5.2392344
290,509,5.191373
290,425,5.051782
290,731,5.0517387
290,639,5.0347204
290,184,5.030039
290,210,4.97893
290,113,4.9732704
290,915,4.9505367
290,485,4.933351
290,10,4.930118
290,177,4.9139824
290,655,4.9076624
290,472,4.9015427
290,601,4.899562
290,1477,4.8752136
291,165,5.711899
291,1013,5.4575367
291,113,5.341998
291,536,5.250428
291,1012,5.1673584
291,661,5.1458488
291,726,5.0802145
291,218,5.064754
291,250,5.060484
291,189,5.0233545
291,555,5.018637
291,643,4.9993186
291,188,4.954035
291,609,4.9454417
291,485,4.938231
291,971,4.914758
291,168,4.908438
291,891,4.898647
291,295,4.8983593
291,132,4.893137
292,390,6.35992
292,1011,5.723985
292,1190,5.508891
292,1220,5.266146
292,928,5.2430105
292,719,5.1685367
292,970,5.1618514
292,1485,5.1587453
292,849,5.123437
292,388,5.0603347
292,689,5.0115013
292,314,4.987255
292,479,4.9619265
292,281,4.9573092
292,1330,4.947772
292,1475,4.9129796
292,674,4.9024806
292,1252,4.8965487
292,197,4.8746295
292,69,4.821768
293,355,5.9798713
293,314,5.8482704
293,97,5.8223195
293,509,5.7549896
293,928,5.721114
293,126,5.708178
293,63,5.6763268
293,425,5.5295744
293,653,5.502462
293,601,5.4931593
293,184,5.462302
293,316,5.439693
293,1330,5.4372525
293,649,5.34187
293,494,5.300662
293,177,5.2896647
293,179,5.260178
293,192,5.2526417
293,191,5.24357
293,190,5.242608
294,1012,5.094573
294,1352,4.777585
294,632,4.7150173
294,1118,4.6183352
294,1292,4.5822363
294,1013,4.5813026
294,522,4.5468235
294,945,4.5467076
294,514,4.537359
294,1441,4.4905424
294,1330,4.4850655
294,654,4.4694076
294,133,4.4576287
294,688,4.4570136
294,1444,4.4552574
294,613,4.4370284
294,241,4.4310126
294,347,4.428391
294,208,4.4268103
294,1181,4.3942394
295,1352,5.30696
295,494,5.235865
295,1485,5.215593
295,609,5.2079334
295,168,5.1434975
295,63,5.096952
295,49,5.0633283
295,639,5.063201
295,184,5.045636
295,1111,5.0364885
295,509,5.023402
295,97,5.023035
295,851,5.0148373
295,928,5.009122
295,485,5.003635
295,512,4.9817977
295,1441,4.9662523
295,132,4.9605165
295,652,4.9471045
295,480,4.916841
296,951,5.47878
296,789,5.4398613
296,179,5.277647
296,418,5.1297536
296,176,5.1297145
296,1330,5.030851
296,1496,5.0132523
296,126,4.8833885
296,652,4.8118486
296,1145,4.7979755
296,523,4.7660694
296,659,4.6566467
296,614,4.587908
296,1272,4.5441318
296,430,4.4871273
296,22,4.481322
296,186,4.474215
296,1352,4.4281216
296,914,4.396846
296,1485,4.378628
297,218,4.755895
297,270,4.7476797
297,198,4.61536
297,165,4.5903616
297,509,4.4640737
297,639,4.4108453
297,355,4.4045267
297,210,4.3550563
297,601,4.3345804
297,177,4.3148336
297,485,4.309476
297,521,4.3025255
297,27,4.2897744
297,655,4.2837887
297,143,4.280183
297,295,4.266078
297,1477,4.2570972
297,659,4.207771
297,609,4.1810427
297,646,4.1639166
298,518,5.5348797
298,27,5.4560013
298,203,5.409007
298,131,5.3705487
298,1054,5.320442
298,421,5.2890224
298,76,5.2407184
298,942,5.228826
298,193,5.2181864
298,599,5.161689
298,747,5.138213
298,429,5.128016
298,750,5.1241446
298,140,5.118296
298,525,5.109358
298,270,5.097359
298,414,5.094855
298,447,5.086604
298,612,5.0858564
298,283,5.0389094
299,165,6.204125
299,250,5.6801367
299,759,5.6538744
299,63,5.652724
299,113,5.5651894
299,536,5.5017796
299,906,5.427922
299,159,5.336376
299,168,5.330614
299,295,5.3015623
299,188,5.2956505
299,933,5.2939386
299,1207,5.2706156
299,1013,5.256282
299,527,5.2444916
299,980,5.23826
299,456,5.229672
299,513,5.2135887
299,406,5.205802
299,24,5.172695
300,1088,5.8557224
300,331,5.598204
300,100,5.5394316
300,939,5.496154
300,937,5.4037347
300,479,5.321613
300,126,5.30698
300,643,5.2941465
300,194,5.279315
300,198,5.265888
300,476,5.2606626
300,501,5.259252
300,218,5.258308
300,1440,5.1994777
300,1485,5.192351
300,355,5.1577563
300,1330,5.151738
300,189,5.1452236
300,587,5.114741
300,456,5.100163
301,1012,5.3384824
301,501,5.276864
301,355,5.1587477
301,1088,5.1231594
301,476,5.076219
301,528,5.0656114
301,1129,4.9886713
301,950,4.9804726
301,170,4.9772
301,606,4.9500456
301,611,4.941641
301,1158,4.910743
301,295,4.8917527
301,191,4.887407
301,609,4.864817
301,1036,4.8598223
301,445,4.850549
301,649,4.815146
301,949,4.809435
301,1231,4.800685
302,55,6.2539887
302,198,6.062727
302,126,5.9567556
302,41,5.79348
302,639,5.728348
302,523,5.693911
302,186,5.6833754
302,47,5.5951724
302,179,5.5755024
302,355,5.546634
302,785,5.410793
302,191,5.3654413
302,1129,5.3629866
302,506,5.35372
302,512,5.322194
302,1430,5.31979
302,513,5.286915
302,155,5.270214
302,509,5.257745
302,527,5.247432
303,342,5.7063174
303,914,5.5592875
303,789,5.3443694
303,601,5.3191276
303,406,5.229655
303,283,5.228085
303,793,5.188637
303,1141,5.154916
303,462,5.1473527
303,168,5.1176996
303,484,5.112969
303,482,5.10117
303,250,5.0999765
303,1485,5.0308623
303,1496,4.983813
303,1282,4.9734073
303,645,4.972014
303,882,4.9600773
303,523,4.9207783
303,1330,4.9071636
304,1182,5.3695483
304,65,4.981399
304,749,4.948338
304,1033,4.928116
304,1118,4.899072
304,1207,4.8889217
304,1035,4.8846855
304,937,4.831435
304,390,4.7995224
304,1123,4.7866535
304,364,4.7309394
304,587,4.723502
304,400,4.714737
304,392,4.694063
304,683,4.691953
304,1013,4.6883106
304,1252,4.6316624
304,1485,4.623139
304,628,4.6155233
304,862,4.6026983
305,250,5.522906
305,168,5.1301146
305,165,5.0526447
305,611,4.9673533
305,1156,4.8989205
305,49,4.8471437
305,1444,4.778191
305,188,4.7522683
305,296,4.7284636
305,578,4.708248
305,406,4.6938634
305,688,4.673642
305,522,4.6660876
305,494,4.6611776
305,1010,4.606893
305,1255,4.5983024
305,607,4.5657053
305,1226,4.5324826
305,842,4.5223894
305,689,4.5141907
306,63,5.009182
306,849,4.9603376
306,314,4.9438686
306,311,4.909958
306,536,4.902533
306,308,4.814801
306,331,4.782923
306,505,4.779605
306,55,4.775763
306,250,4.7598314
306,113,4.749737
306,194,4.722506
306,192,4.6858964
306,731,4.683886
306,160,4.668216
306,890,4.656666
306,428,4.6528335
306,41,4.620114
306,1049,4.617131
306,966,4.6063514
307,1010,5.0166802
307,113,4.956632
307,893,4.860131
307,188,4.849493
307,735,4.8020034
307,68,4.7374716
307,1226,4.700448
307,270,4.6723948
307,165,4.6138334
307,168,4.5310307
307,21,4.499796
307,314,4.4369535
307,509,4.4346066
307,227,4.3553247
307,164,4.349335
307,650,4.323323
307,296,4.2702065
307,689,4.267736
307,517,4.2615237
307,63,4.23627
308,587,5.2703853
308,1049,5.198271
308,250,5.1433845
308,510,5.0443735
308,308,5.0252047
308,683,4.9960465
308,610,4.9398565
308,311,4.9041862
308,58,4.8824344
308,893,4.8794518
308,1123,4.780232
308,741,4.776425
308,464,4.7604327
308,1136,4.7173853
308,643,4.71606
308,165,4.6975365
308,1485,4.673647
308,55,4.6637087
308,1314,4.6531053
308,47,4.619929
309,495,4.663952
309,206,4.5637608
309,605,4.535982
309,648,4.5260015
309,984,4.446828
309,1190,4.4133863
309,928,4.4068937
309,954,4.359941
309,631,4.356013
309,390,4.338609
309,1352,4.336958
309,484,4.275401
309,661,4.245264
309,1330,4.232545
309,222,4.1911936
309,285,4.190076
309,956,4.1884036
309,913,4.1478324
309,528,4.1144032
309,73,4.1052184
310,235,6.2725153
310,971,6.2607484
310,1118,6.179081
310,537,6.080135
310,380,5.772523
310,805,5.690879
310,254,5.685261
310,536,5.6799245
310,806,5.533747
310,211,5.503777
310,514,5.4897227
310,453,5.3809905
310,695,5.3432045
310,1016,5.323368
310,1012,5.3157086
310,347,5.3072805
310,766,5.292669
310,714,5.288163
310,447,5.276614
310,1126,5.2671337
311,1352,5.378571
311,611,5.374719
311,1441,5.2341638
311,1485,5.136978
311,688,5.1119905
311,300,5.0634027
311,714,5.055583
311,8,5.0512633
311,613,5.0380144
311,1124,5.0139155
311,1012,5.0094433
311,998,4.9901624
311,1382,4.988559
311,1292,4.9759164
311,691,4.9642115
311,133,4.9399657
311,1141,4.9392104
311,473,4.922741
311,645,4.9120946
311,1444,4.8977385
312,1118,5.913951
312,937,5.7921677
312,317,5.3909154
312,522,5.26139
312,18,5.207556
312,698,5.188237
312,914,5.1652374
312,970,5.14807
312,226,5.1407857
312,719,5.1086845
312,489,5.0983696
312,135,5.0862417
312,1140,5.071234
312,688,5.0662007
312,250,5.0589256
312,308,5.0563455
312,590,5.028452
312,611,5.0024195
312,294,5.0002284
312,1441,4.989768
313,250,4.806646
313,749,4.7906876
313,897,4.744857
313,1441,4.675424
313,1146,4.564865
313,309,4.484826
313,123,4.463542
313,1111,4.4484057
313,11,4.4362426
313,168,4.3810043
313,503,4.368106
313,58,4.366781
313,283,4.338022
313,316,4.329857
313,1525,4.324838
313,118,4.3062263
313,1226,4.3029084
313,406,4.2996387
313,223,4.294754
313,291,4.2732196
314,314,5.358187
314,165,5.21723
314,113,5.121333
314,342,4.7810454
314,188,4.7698445
314,646,4.7487917
314,526,4.716296
314,311,4.709872
314,511,4.6918445
314,177,4.6776757
314,425,4.667311
314,1111,4.6027284
314,650,4.5562406
314,283,4.5251036
314,915,4.5243425
314,491,4.5066357
314,645,4.486831
314,406,4.4719243
314,612,4.4705067
314,270,4.447187
315,165,5.3925047
315,250,5.1077523
315,270,5.0004525
315,169,4.6962624
315,227,4.695961
315,126,4.6903625
315,1182,4.675929
315,1010,4.6373043
315,135,4.6230564
315,1054,4.6127024
315,229,4.606005
315,355,4.599932
315,81,4.5970697
315,354,4.5912347
315,611,4.5776086
315,189,4.575241
315,63,4.5719676
315,728,4.553476
315,689,4.551962
315,649,4.54727
316,495,5.03231
316,432,4.8240623
316,113,4.776914
316,13,4.5634775
316,612,4.479634
316,165,4.4104347
316,314,4.3656607
316,1174,4.3402224
316,714,4.311827
316,646,4.3065257
316,360,4.3000836
316,613,4.2600737
316,461,4.155978
316,1205,4.151848
316,65,4.107862
316,136,4.073706
316,406,4.0695677
316,694,4.0681405
316,914,4.0656466
316,851,4.0590744
317,495,5.9986897
317,1190,4.8368673
317,130,4.815921
317,517,4.7751226
317,1118,4.670737
317,486,4.648402
317,441,4.59706
317,613,4.586516
317,46,4.512699
317,652,4.5056643
317,914,4.475671
317,313,4.4235196
317,614,4.4163733
317,184,4.392372
317,192,4.343832
317,970,4.3422956
317,1272,4.3035364
317,642,4.299989
317,1352,4.296581
317,605,4.2726355
318,1118,5.509148
318,1092,5.3760543
318,1485,5.364412
318,1011,5.1756096
318,1330,5.137291
318,428,5.06254
318,1136,5.04295
318,316,5.033941
318,643,5.0276966
318,937,5.011753
318,1430,5.0002766
318,390,4.9986563
318,464,4.9503336
318,691,4.9169188
318,1033,4.9117894
318,1182,4.9013886
318,587,4.876392
318,1054,4.872459
318,1220,4.8645153
318,478,4.814666
319,714,4.58085
319,8,4.3464975
319,1124,4.346306
319,749,4.3265696
319,235,4.294148
319,1146,4.2559886
319,1382,4.206469
319,273,4.1879067
319,688,4.1841073
319,809,4.171317
319,18,4.1451216
319,261,4.055954
319,899,4.0521145
319,1154,4.030079
319,522,4.0049863
319,55,3.9826014
319,1075,3.9821918
319,531,3.9611924
319,155,3.956958
319,1581,3.956651
320,165,5.2880316
320,250,5.275227
320,1146,4.808901
320,1010,4.7542224
320,971,4.7442474
320,611,4.7244334
320,248,4.7092886
320,172,4.686296
320,171,4.6789236
320,113,4.6774807
320,1314,4.667299
320,1261,4.6592255
320,527,4.6564903
320,168,4.6555567
320,505,4.5531354
320,536,4.550888
320,1013,4.512928
320,1049,4.508543
320,501,4.502062
320,848,4.5019774
321,1352,5.4121227
321,1441,5.235093
321,914,4.997538
321,482,4.9755816
321,1141,4.9661994
321,49,4.956123
321,1485,4.9105797
321,168,4.895773
321,1181,4.8768883
321,613,4.8766556
321,198,4.850623
321,1578,4.818054
321,957,4.8099055
321,481,4.8070292
321,1114,4.799196
321,432,4.7942104
321,461,4.783446
321,118,4.774095
321,495,4.7672453
321,1582,4.7626405
322,456,5.1531596
322,1012,5.1421547
322,1013,5.1284924
322,1485,5.0770173
322,661,4.9438734
322,113,4.926821
322,428,4.9135985
322,165,4.8463783
322,250,4.794025
322,742,4.742142
322,895,4.733694
322,643,4.710277
322,1118,4.69688
322,406,4.682992
322,726,4.6825814
322,218,4.681005
322,939,4.656597
322,1429,4.656486
322,316,4.644824
322,63,4.6440315
323,914,5.760096
323,793,5.481982
323,484,5.3510056
323,578,5.3405466
323,250,5.3345757
323,1010,5.313199
323,1441,5.2665663
323,500,5.239286
323,1110,5.1968927
323,1578,5.171913
323,1141,5.1584864
323,510,5.1402607
323,342,5.104332
323,290,5.0902023
323,489,5.0837064
323,432,5.0402393
323,970,5.0045853
323,749,4.9841037
323,1181,4.976556
323,50,4.9579644
324,613,5.5039244
324,1190,5.236772
324,1352,5.1847205
324,241,5.163763
324,646,5.149871
324,528,5.1258163
324,1181,5.1187444
324,1330,5.093135
324,184,5.087027
324,495,5.051729
324,605,5.0396333
324,1272,5.032847
324,789,5.0063167
324,928,4.9437838
324,631,4.8596654
324,858,4.843359
324,1003,4.8277144
324,179,4.8140755
324,636,4.8116245
324,648,4.8102245
325,250,5.517392
325,63,5.449057
325,165,5.433045
325,295,5.2651095
325,280,5.2217617
325,314,5.056632
325,954,5.03084
325,411,4.991271
325,759,4.976284
325,933,4.9376397
325,456,4.811886
325,168,4.7760053
325,128,4.761304
325,214,4.7565694
325,1109,4.6974554
325,14,4.696948
325,805,4.6706676
325,108,4.6688437
325,172,4.6627097
325,528,4.6608047
326,837,5.729958
326,1444,5.6667757
326,1248,5.657581
326,970,5.642021
326,719,5.5936174
326,689,5.5851808
326,317,5.5236
326,1140,5.461973
326,390,5.4592867
326,484,5.437767
326,494,5.412675
326,449,5.412014
326,135,5.391204
326,392,5.389283
326,1118,5.3419375
326,647,5.338721
326,250,5.3184333
326,7,5.3031163
326,954,5.268931
326,65,5.247176
327,250,5.6898603
327,456,5.6839056
327,132,5.592892
327,759,5.5663137
327,113,5.540683
327,159,5.538109
327,200,5.4848566
327,774,5.4728746
327,165,5.457493
327,1010,5.4405575
327,218,5.427493
327,168,5.4209456
327,513,5.3787527
327,891,5.361376
327,109,5.326765
327,25,5.260228
327,299,5.25381
327,527,5.22736
327,611,5.191187
327,726,5.1882753
328,250,5.174977
328,113,4.8782883
328,456,4.8506413
328,165,4.8012524
328,1013,4.760496
328,611,4.6763053
328,1485,4.659693
328,726,4.6504674
328,774,4.622361
328,168,4.570433
328,938,4.553469
328,513,4.5282393
328,891,4.526708
328,198,4.5039544
328,428,4.496274
328,849,4.469493
328,159,4.4587626
328,188,4.4514956
328,661,4.448808
328,192,4.444442
329,611,5.2761965
329,749,5.1680756
329,168,5.066722
329,706,5.0579715
329,1578,5.053352
329,1118,5.0145736
329,1111,4.996469
329,631,4.993268
329,645,4.9441967
329,13,4.935079
329,85,4.9318347
329,714,4.9116273
329,1124,4.901398
329,1174,4.8815565
329,494,4.832082
329,998,4.827211
329,1581,4.812777
329,1352,4.8076954
329,1290,4.7901807
329,654,4.7874002
330,414,5.161629
330,392,5.030715
330,732,5.012081
330,376,5.005102
330,142,4.9768624
330,522,4.9517717
330,658,4.933918
330,128,4.9272513
330,586,4.9164515
330,316,4.8910255
330,498,4.874764
330,1248,4.8682346
330,276,4.866621
330,1182,4.851344
330,840,4.8328
330,749,4.82028
330,1156,4.8074193
330,21,4.790804
330,1140,4.7850285
330,250,4.776918
331,250,6.0516706
331,172,5.3813663
331,171,5.373994
331,49,5.2488422
331,168,5.1192446
331,611,5.0230656
331,1010,4.969712
331,180,4.8805704
331,165,4.8762307
331,748,4.819314
331,998,4.8117228
331,476,4.803249
331,578,4.7739677
331,1226,4.7550664
331,114,4.737734
331,204,4.7130013
331,21,4.6633415
331,283,4.661888
331,518,4.659526
331,170,4.6064277
332,1013,4.956018
332,1485,4.9471445
332,661,4.8757505
332,428,4.840655
332,643,4.8368506
332,406,4.7718925
332,113,4.7543473
332,954,4.683241
332,1429,4.655204
332,295,4.6503525
332,1261,4.6433463
332,165,4.573526
332,971,4.5523896
332,487,4.5334883
332,726,4.510107
332,1012,4.509288
332,536,4.498829
332,555,4.4877453
332,1446,4.4684706
332,245,4.459583
333,1012,5.591751
333,1181,5.5267935
333,578,5.523834
333,851,5.4554486
333,661,5.4418473
333,245,5.363972
333,1013,5.355359
333,914,5.352347
333,500,5.339854
333,250,5.246905
333,252,5.2376833
333,1158,5.2245083
333,484,5.21303
333,1124,5.1667852
333,432,5.148322
333,1444,5.1198654
333,1010,5.108211
333,318,5.0960345
333,1352,5.0953364
333,1284,5.0814614
334,188,6.803712
334,1111,6.7558947
334,113,6.744895
334,168,6.691824
334,432,6.5459805
334,63,6.4839087
334,277,6.473847
334,283,6.398213
334,527,6.3812838
334,914,6.369341
334,406,6.367258
334,491,6.3587494
334,11,6.325782
334,291,6.299058
334,13,6.234259
334,177,6.2339168
334,481,6.1683187
334,915,6.1378126
334,267,6.1352715
334,136,6.1278715
335,168,5.306257
335,250,5.1875963
335,296,4.900279
335,201,4.8898935
335,749,4.8390675
335,406,4.8102894
335,11,4.805253
335,127,4.7987638
335,113,4.76409
335,1010,4.7592115
335,1226,4.727847
335,93,4.665587
335,453,4.582723
335,144,4.465172
335,170,4.4564886
335,1038,4.410172
335,582,4.393189
335,573,4.360491
335,264,4.3398094
335,569,4.3274884
336,536,5.506586
336,906,5.260466
336,933,5.0692625
336,55,4.9839454
336,971,4.9142323
336,1254,4.8352127
336,714,4.834424
336,113,4.8171554
336,661,4.7485876
336,211,4.74287
336,1153,4.6863623
336,428,4.6598883
336,24,4.6522465
336,165,4.651784
336,1261,4.649174
336,712,4.6474795
336,643,4.6367054
336,849,4.6342645
336,406,4.6171227
336,235,4.5994844
337,612,5.064875
337,173,5.002017
337,270,4.976125
337,646,4.9618154
337,1118,4.924654
337,691,4.8943133
337,746,4.79971
337,1141,4.745459
337,21,4.741496
337,316,4.6915116
337,27,4.682151
337,942,4.68173
337,1054,4.65292
337,126,4.631734
337,63,4.5981927
337,308,4.577816
337,290,4.5757656
337,518,4.5575514
337,1441,4.5215936
337,524,4.5205193
338,1485,5.2148027
338,482,5.2048893
338,1441,5.1515474
338,897,5.092072
338,477,4.997594
338,481,4.962362
338,123,4.8870606
338,198,4.8490453
338,1330,4.8112597
338,1430,4.8088684
338,749,4.8081956
338,1436,4.8038287
338,511,4.8011
338,523,4.7292256
338,425,4.7186875
338,184,4.707152
338,496,4.679602
338,196,4.6594567
338,1525,4.6335816
338,55,4.630823
339,1118,5.9134126
339,1182,5.8774214
339,1248,5.3464794
339,749,5.320524
339,294,5.29333
339,1140,5.2765303
339,862,5.2340407
339,400,5.205096
339,392,5.2019353
339,683,5.1638346
339,154,5.0656333
339,364,5.0353384
339,1092,4.9625273
339,1572,4.958695
339,1409,4.9523354
339,587,4.9399214
339,65,4.9185953
339,738,4.8909845
339,1220,4.8460536
339,1410,4.84567
340,1220,5.9646974
340,1140,5.857384
340,342,5.835395
340,1124,5.6747065
340,647,5.6545196
340,937,5.61676
340,952,5.559903
340,970,5.5501394
340,60,5.460363
340,749,5.457597
340,275,5.3115697
340,578,5.240092
340,1075,5.2209854
340,1010,5.1698356
340,385,5.146413
340,498,5.0597568
340,390,5.012389
340,510,4.961576
340,741,4.959353
340,1444,4.945462
341,97,6.053685
341,316,6.023358
341,494,5.895378
341,21,5.8912153
341,173,5.796983
341,27,5.7723637
341,78,5.7424345
341,1054,5.6729264
341,1220,5.5659704
341,135,5.541271
341,203,5.526536
341,1011,5.5249686
341,229,5.523782
341,76,5.5022836
341,355,5.491959
341,937,5.4813943
341,1118,5.480918
341,421,5.4240627
341,728,5.356922
341,1140,5.325178
342,849,5.310173
342,527,5.305723
342,1146,5.273781
342,650,5.130261
342,155,5.04202
342,587,5.0349007
342,165,5.0319643
342,709,5.026581
342,1254,5.0093284
342,1001,4.998155
342,848,4.9884353
342,250,4.9364624
342,113,4.927608
342,949,4.916535
342,47,4.906892
342,314,4.9042172
342,178,4.901709
342,1314,4.9001703
342,25,4.8928766
342,1153,4.8831143
343,241,5.961666
343,830,5.9135146
343,136,5.844184
343,1578,5.7029343
343,645,5.7010818
343,749,5.6650567
343,1011,5.602521
343,1220,5.5985293
343,605,5.5637302
343,928,5.5616817
343,1352,5.554884
343,613,5.5513945
343,631,5.5015054
343,1140,5.494233
343,636,5.4935923
343,85,5.4706554
343,13,5.466512
343,1581,5.408058
343,511,5.3584833
343,99,5.3503494
344,1118,6.545399
344,132,5.8409605
344,1182,5.661556
344,320,5.5732894
344,226,5.56657
344,165,5.548505
344,218,5.51459
344,738,5.4594746
344,228,5.4527955
344,716,5.3799133
344,1181,5.323208
344,268,5.2907786
344,611,5.2582016
344,113,5.2004232
344,751,5.170919
344,448,5.156709
344,432,5.1491685
344,924,5.1485476
344,297,5.147479
344,514,5.0789723
345,198,5.2208977
345,126,5.179505
345,168,4.977923
345,611,4.967297
345,186,4.9629426
345,609,4.94261
345,485,4.914754
345,184,4.904065
345,210,4.8947163
345,509,4.8910556
345,250,4.8892603
345,355,4.8892365
345,655,4.8234496
345,505,4.8132057
345,481,4.7955832
345,639,4.782773
345,523,4.781822
345,164,4.76868
345,601,4.761563
345,882,4.7614117
346,1111,5.7090826
346,1220,5.6876726
346,188,5.58819
346,749,5.5664244
346,113,5.468666
346,343,5.395337
346,1226,5.3844495
346,1140,5.276357
346,118,5.262794
346,169,5.2539153
346,893,5.2052984
346,223,5.1855416
346,915,5.1666975
346,168,5.1237426
346,928,5.123029
346,283,5.107361
346,511,5.0975966
346,464,5.060917
346,11,5.0354395
346,164,5.019858
347,97,5.8946347
347,1011,5.8766246
347,1220,5.8537645
347,1118,5.824485
347,1352,5.8022995
347,494,5.801876
347,604,5.767148
347,316,5.7549477
347,1140,5.73286
347,135,5.711703
347,169,5.5836077
347,1441,5.557913
347,392,5.5560465
347,895,5.5418015
347,241,5.5179276
347,639,5.517338
347,1485,5.4912286
347,652,5.467838
347,647,5.462034
347,49,5.433536
348,893,5.1505075
348,1220,5.0438657
348,509,4.945329
348,270,4.90739
348,113,4.8802204
348,689,4.8447504
348,204,4.722874
348,735,4.6682744
348,21,4.6535225
348,731,4.611249
348,309,4.6074495
348,511,4.604589
348,142,4.5500593
348,517,4.4944215
348,740,4.4707603
348,494,4.4452324
348,586,4.421804
348,481,4.4176145
348,313,4.3676777
348,462,4.362532
349,749,5.9674706
349,731,5.8069963
349,113,5.638203
349,1010,5.593534
349,250,5.549311
349,165,5.5327015
349,766,5.510923
349,848,5.4489737
349,1182,5.417004
349,188,5.3850927
349,689,5.317891
349,354,5.264293
349,25,5.258424
349,527,5.2446837
349,1226,5.2241616
349,1314,5.1969953
349,392,5.115677
349,464,5.100338
349,610,5.0974016
349,90,5.089312
350,218,4.965722
350,126,4.8312316
350,198,4.79014
350,63,4.778381
350,165,4.773369
350,316,4.76202
350,501,4.6957684
350,41,4.6749377
350,523,4.5709286
350,509,4.529653
350,355,4.5253754
350,97,4.501153
350,179,4.499748
350,96,4.462569
350,192,4.455095
350,184,4.419077
350,601,4.4001613
350,425,4.374772
350,521,4.368106
350,143,4.345763
351,165,5.5154886
351,189,5.418126
351,526,5.4049435
351,495,5.241265
351,485,5.1919613
351,1010,5.1698494
351,511,5.0313497
351,1181,5.019864
351,483,4.9895773
351,270,4.928852
351,956,4.901255
351,650,4.8822193
351,963,4.873284
351,313,4.85843
351,47,4.8302546
351,528,4.738015
351,1477,4.727282
351,608,4.722223
351,914,4.7088127
351,1118,4.6657705
352,478,6.0394816
352,425,6.038973
352,477,5.911691
352,481,5.8840237
352,177,5.8837852
352,313,5.834498
352,601,5.7565527
352,1220,5.7459807
352,472,5.7235355
352,441,5.648857
352,732,5.58671
352,482,5.55764
352,283,5.5116177
352,517,5.508903
352,491,5.45693
352,63,5.454677
352,602,5.4131765
352,702,5.4098034
352,511,5.388257
352,342,5.3858485
353,192,6.1011634
353,390,5.9093924
353,355,5.6445546
353,928,5.370941
353,97,5.370487
353,1190,5.3298135
353,184,5.290998
353,689,5.2087913
353,735,5.2059555
353,1011,5.07082
353,204,5.02588
353,316,4.9878607
353,419,4.954664
353,441,4.922275
353,649,4.921853
353,509,4.9147444
353,478,4.8669243
353,602,4.794881
353,164,4.759698
353,1252,4.748423
354,1330,5.7638435
354,1485,5.5796165
354,1430,5.517117
354,196,5.413608
354,601,5.2535925
354,425,5.18972
354,511,5.183534
354,314,5.182122
354,478,5.1602006
354,477,5.1420527
354,342,5.1322746
354,184,5.09227
354,472,5.085427
354,1190,5.0082498
354,388,5.0061035
354,1525,4.934227
354,520,4.8980093
354,426,4.8931847
354,177,4.8810234
354,659,4.8786798
355,250,5.1383686
355,165,4.9306974
355,688,4.7791266
355,476,4.7705307
355,1013,4.727086
355,661,4.646818
355,49,4.6122885
355,611,4.5882244
355,392,4.5604134
355,168,4.547259
355,1012,4.5339284
355,113,4.5254145
355,189,4.5151277
355,714,4.4910808
355,643,4.490147
355,1156,4.489347
355,126,4.4823775
355,1118,4.478703
355,501,4.473832
355,1146,4.450928
356,479,5.2352986
356,126,5.021148
356,198,4.9893966
356,1036,4.9419775
356,501,4.834337
356,41,4.8078675
356,316,4.798355
356,271,4.789709
356,1485,4.7596602
356,523,4.7583036
356,1011,4.728611
356,638,4.6890097
356,691,4.664937
356,179,4.6398954
356,1440,4.6224194
356,96,4.613245
356,168,4.577776
356,609,4.575457
356,229,4.5491114
356,606,4.546202
357,432,5.6432123
357,1118,5.4637103
357,453,5.3649473
357,695,5.338554
357,347,5.189825
357,1181,5.1865096
357,688,5.1656823
357,914,5.146741
357,290,5.120307
357,1010,5.1152654
357,360,5.010194
357,254,5.001423
357,522,4.9455867
357,971,4.9443493
357,1026,4.935554
357,1205,4.9317894
357,1444,4.929181
357,258,4.9243145
357,165,4.914563
357,50,4.8787355
358,646,5.7218256
358,541,5.593238
358,1352,5.525409
358,655,5.45878
358,1411,5.419768
358,654,5.350951
358,338,5.3432574
358,612,5.230433
358,691,5.230153
358,1485,5.2246037
358,1441,5.1884503
358,714,5.1638455
358,1330,5.1267495
358,858,5.1055355
358,611,5.0686865
358,425,5.0656004
358,521,5.0589337
358,491,5.057892
358,1174,5.0370407
358,485,5.018526
359,316,5.283456
359,165,5.1951466
359,218,5.049753
359,270,5.006958
359,168,4.977471
359,1441,4.9752827
359,311,4.973235
359,250,4.9605865
359,188,4.9594502
359,1013,4.860722
359,1118,4.846671
359,456,4.8344016
359,113,4.802235
359,895,4.7818103
359,1010,4.769852
359,392,4.7672925
359,526,4.7507997
359,169,4.7329297
359,164,4.7213726
359,1156,4.713524
360,218,5.1844025
360,456,5.0258694
360,126,4.9830523
360,609,4.875581
360,250,4.866574
360,168,4.790446
360,355,4.7886453
360,186,4.776809
360,895,4.761367
360,132,4.751671
360,16,4.7497544
360,639,4.7470517
360,63,4.720475
360,611,4.7185173
360,198,4.712048
360,526,4.7013993
360,113,4.680346
360,316,4.6749516
360,175,4.6649246
360,655,4.657686
361,937,5.0570645
361,1118,4.9155335
361,714,4.8399496
361,446,4.8055267
361,261,4.7507505
361,839,4.7049184
361,59,4.6035013
361,18,4.5886865
361,8,4.5861707
361,306,4.5606594
361,178,4.5551896
361,108,4.542207
361,1411,4.5338745
361,1154,4.513352
361,901,4.4982233
361,99,4.496589
361,341,4.4865003
361,654,4.4755216
361,1330,4.448556
361,325,4.440487
362,970,5.740283
362,1252,5.648155
362,390,5.6311164
362,142,5.475689
362,702,5.45823
362,135,5.4010534
362,484,5.394183
362,406,5.3914146
362,494,5.365728
362,487,5.3249674
362,145,5.267995
362,342,5.234473
362,376,5.2213783
362,749,5.183831
362,1248,5.162348
362,11,5.146469
362,296,5.1333513
362,477,5.0953574
362,113,5.0752687
362,250,5.0732336
363,188,5.8606133
363,1226,5.8570065
363,1111,5.6998734
363,165,5.5962763
363,113,5.5778627
363,1010,5.4697595
363,97,5.42085
363,731,5.38638
363,171,5.3706894
363,527,5.3167953
363,316,5.255934
363,250,5.209533
363,173,5.181098
363,915,5.1593385
363,406,5.1525626
363,1140,5.1520987
363,689,5.1452456
363,63,5.145186
363,1106,5.1361136
363,168,5.1359196
364,1012,5.17861
364,1013,5.1590147
364,1181,5.008442
364,165,5.0005193
364,688,4.9395075
364,661,4.9234962
364,695,4.8081207
364,1231,4.7892575
364,643,4.7877173
364,245,4.7716274
364,1177,4.770275
364,428,4.7533226
364,522,4.7284565
364,1485,4.7119894
364,484,4.6946793
364,406,4.6867
364,297,4.686287
364,719,4.6825314
364,1282,4.67605
364,295,4.661591
365,1485,5.042613
365,479,4.804962
365,476,4.8012676
365,1136,4.7710614
365,189,4.7564726
365,1330,4.7540607
365,1440,4.738224
365,316,4.7108974
365,1055,4.687003
365,1088,4.681278
365,939,4.672281
365,1146,4.6476398
365,133,4.634776
365,643,4.6293745
365,198,4.618662
365,295,4.6149664
365,691,4.5951204
365,601,4.589925
365,1036,4.5846415
365,1158,4.5804567
366,168,5.6077166
366,611,5.5406585
366,300,5.2923694
366,1352,5.2611337
366,49,5.2128778
366,706,5.184931
366,897,5.1330748
366,1578,5.0933013
366,165,5.0921144
366,1441,5.0804863
366,177,5.074847
366,406,5.0634418
366,1382,5.059312
366,1012,5.0528092
366,1049,5.043753
366,1111,5.011221
366,714,5.003255
366,528,4.994547
366,749,4.9846783
366,88,4.984395
367,643,5.222816
367,1123,5.212749
367,250,5.1584406
367,522,5.146723
367,683,5.0975585
367,479,4.9920697
367,1012,4.967105
367,428,4.9496574
367,1593,4.934624
367,1485,4.9257107
367,1182,4.8435974
367,152,4.8237453
367,331,4.75969
367,330,4.706209
367,1118,4.6966085
367,6,4.6963053
367,1049,4.6874638
367,427,4.665989
367,693,4.665169
367,628,4.6550465
368,21,6.6679516
368,250,6.039203
368,173,5.71461
368,518,5.5719934
368,658,5.4860225
368,172,5.44987
368,308,5.3930492
368,280,5.3559213
368,1042,5.3349032
368,203,5.3124948
368,311,5.2640495
368,326,5.2408257
368,204,5.2351837
368,270,5.1660714
368,152,5.1654906
368,264,5.0269127
368,194,5.0206537
368,120,5.011989
368,128,4.9859858
368,68,4.979826
369,749,5.721334
369,897,5.2641068
369,1330,5.1105475
369,1011,5.064088
369,928,5.0476556
369,1430,5.0352693
369,948,4.9789014
369,1140,4.9656973
369,314,4.9525833
369,1075,4.93224
369,830,4.9030356
369,1220,4.865612
369,949,4.854632
369,1114,4.8388567
369,954,4.8318677
369,1485,4.7933726
369,732,4.771636
369,849,4.751049
369,529,4.72888
369,1094,4.711434
370,1330,5.0315976
370,1111,4.9987354
370,1430,4.958127
370,428,4.927013
370,113,4.9141793
370,464,4.789669
370,123,4.7454605
370,1226,4.7150373
370,511,4.694561
370,1525,4.6912127
370,1254,4.6875925
370,893,4.6730914
370,188,4.671885
370,118,4.632218
370,223,4.6207447
370,541,4.604539
370,742,4.5663853
370,314,4.5288987
370,283,4.5126863
370,749,4.502559
371,914,5.7246656
371,1496,5.5659513
371,226,5.4720535
371,611,5.4620647
371,342,5.4176435
371,208,5.3955994
371,72,5.3315883
371,201,5.329461
371,654,5.318593
371,706,5.301244
371,1118,5.246599
371,632,5.180956
371,1297,5.1154256
371,701,5.1104536
371,937,5.09972
371,168,5.096989
371,133,5.089671
371,420,5.0422335
371,300,5.0308895
371,84,5.024039
372,147,6.3048234
372,65,5.7057476
372,1118,5.675626
372,219,5.539718
372,407,5.5305023
372,971,5.470752
372,694,5.461442
372,1075,5.4473324
372,83,5.407899
372,922,5.3703012
372,645,5.3687935
372,461,5.3525915
372,1140,5.3512325
372,551,5.334607
372,537,5.319799
372,741,5.2889013
372,766,5.2668843
372,1299,5.2298098
372,120,5.21977
372,1444,5.21166
373,613,5.7838564
373,1352,5.6422186
373,652,5.5183887
373,484,5.491637
373,605,5.483036
373,631,5.478919
373,241,5.475769
373,789,5.4696136
373,528,5.3644238
373,495,5.36165
373,1190,5.340915
373,636,5.3252907
373,1181,5.2727804
373,390,5.214396
373,179,5.209046
373,271,5.2032576
373,1003,5.2018576
373,661,5.186569
373,500,5.1691065
373,1578,5.1633015
374,270,4.1151996
374,495,4.0447583
374,701,4.0400467
374,1118,3.97661
374,344,3.8340573
374,313,3.8043315
374,650,3.7942922
374,72,3.761992
374,342,3.7529068
374,308,3.7402177
374,47,3.709959
374,226,3.682979
374,646,3.6812346
374,291,3.6263056
374,191,3.5304534
374,586,3.5266287
374,937,3.5213633
374,1010,3.5168319
374,645,3.4990559
374,168,3.4936008
375,1111,5.782441
375,113,5.6537285
375,661,5.5851617
375,1330,5.5848374
375,1226,5.5809836
375,645,5.5501046
375,55,5.5124125
375,461,5.5042596
375,171,5.501098
375,355,5.472427
375,1430,5.4675827
375,63,5.445844
375,136,5.4449673
375,1181,5.430068
375,406,5.4273605
375,99,5.4161024
375,714,5.4108753
375,314,5.384447
375,529,5.3747153
375,188,5.34238
376,178,6.088943
376,344,6.031977
376,47,5.8048277
376,953,5.5695114
376,181,5.4908504
376,322,5.4726305
376,274,5.346305
376,914,5.3165016
376,646,5.23487
376,55,5.222922
376,148,5.2015176
376,639,5.1676927
376,612,5.125061
376,506,5.1048107
376,850,5.104008
376,652,5.093264
376,867,5.0468473
376,198,5.043541
376,303,5.0046687
376,610,4.9979734
377,165,4.8214145
377,417,4.780762
377,173,4.763817
377,21,4.7445474
377,63,4.743253
377,250,4.6855454
377,160,4.6682715
377,214,4.667963
377,98,4.5811768
377,86,4.5469704
377,316,4.5275526
377,78,4.5185394
377,113,4.4870653
377,128,4.4845724
377,132,4.477281
377,942,4.460307
377,203,4.452871
377,1123,4.4434395
377,646,4.42225
377,485,4.420743
378,181,5.344572
378,1220,5.3332806
378,47,5.194374
378,343,5.184002
378,1140,5.149603
378,1118,5.11038
378,135,5.0890856
378,610,5.0754533
378,895,5.036883
378,1441,5.0226164
378,392,4.9897547
378,21,4.9778337
378,512,4.9380765
378,55,4.878156
378,270,4.864926
378,1011,4.854696
378,173,4.848604
378,639,4.8347483
378,311,4.8312035
378,498,4.8234186
379,165,5.7877755
379,1226,5.289684
379,168,5.2817955
379,250,5.2649107
379,63,5.22327
379,113,5.174024
379,316,5.151892
379,173,5.126913
379,188,5.1098704
379,270,5.091738
379,21,5.082079
379,494,5.0594835
379,314,5.0190487
379,214,5.005494
379,171,4.9770184
379,731,4.955606
379,49,4.909985
379,689,4.8880534
379,1106,4.8868628
379,295,4.868548
380,1111,5.3286824
380,250,5.3083935
380,188,5.305749
380,49,5.2703557
380,168,5.259668
380,1226,5.162581
380,611,5.104905
380,165,5.0851674
380,164,5.0395575
380,113,5.022999
380,957,4.8588266
380,513,4.85275
380,283,4.8492856
380,527,4.8246408
380,578,4.785664
380,296,4.7691765
380,291,4.765284
380,172,4.7598224
380,541,4.7533813
380,142,4.688012
381,165,4.7141857
381,126,4.631849
381,501,4.610504
381,355,4.423491
381,609,4.4123483
381,476,4.3823643
381,250,4.3605895
381,1036,4.3542957
381,168,4.3539424
381,198,4.3429866
381,513,4.313237
381,516,4.27573
381,189,4.2669263
381,848,4.2607203
381,528,4.232805
381,937,4.205706
381,47,4.2032065
381,295,4.1998596
381,124,4.1888704
381,11,4.179261
382,714,5.391706
382,1124,5.1765666
382,688,5.102348
382,809,5.0269356
382,55,5.002881
382,1382,4.9789195
382,261,4.972603
382,645,4.93706
382,1581,4.931709
382,1352,4.802925
382,47,4.7939925
382,1582,4.7692513
382,698,4.757831
382,155,4.741686
382,461,4.735627
382,473,4.708926
382,1254,4.690477
382,766,4.685159
382,358,4.66358
382,300,4.6627064
383,165,5.740468
383,1118,5.326157
383,250,5.3067236
383,1182,5.2127714
383,168,5.0315723
383,1444,4.9981127
383,695,4.9811053
383,147,4.9175425
383,862,4.9073167
383,688,4.8969574
383,683,4.84942
383,1156,4.844516
383,295,4.828775
383,611,4.8178463
383,128,4.7991776
383,294,4.771875
383,142,4.751952
383,189,4.7443194
383,1582,4.7142506
383,1248,4.6821623
384,998,5.217371
384,611,5.178562
384,149,4.8734293
384,172,4.7184954
384,183,4.6428647
384,746,4.6154885
384,171,4.5621758
384,175,4.541492
384,1382,4.5071425
384,0,4.5068164
384,344,4.4665675
384,809,4.433985
384,1124,4.429975
384,714,4.399111
384,688,4.3646803
384,92,4.3566403
384,146,4.3498845
384,182,4.3455925
384,131,4.3090367
384,518,4.301399
385,147,5.713287
385,250,5.4878645
385,805,5.2085223
385,1204,5.2073965
385,108,5.099566
385,971,5.0604553
385,1182,5.020567
385,1123,5.0120907
385,658,5.011799
385,695,5.0115848
385,560,4.9783096
385,862,4.9635196
385,628,4.914729
385,407,4.9017105
385,522,4.890881
385,1118,4.8481293
385,859,4.8442945
385,414,4.8427567
385,683,4.827593
385,1012,4.8162136
386,250,6.441135
386,63,6.188066
386,165,6.062372
386,295,5.8836145
386,173,5.6414156
386,171,5.6322546
386,954,5.6312113
386,314,5.6222644
386,172,5.57088
386,49,5.549515
386,168,5.473643
386,180,5.4522123
386,280,5.4517374
386,21,5.411414
386,560,5.3856926
386,113,5.372162
386,128,5.3488073
386,11,5.3283577
386,406,5.308906
386,748,5.305864
387,47,6.0907297
387,55,6.0888596
387,1114,6.057752
387,662,5.9769173
387,1430,5.9161487
387,848,5.900706
387,344,5.873949
387,851,5.7812004
387,915,5.677163
387,652,5.6489477
387,473,5.635975
387,178,5.589102
387,1330,5.540325
387,512,5.4700675
387,705,5.4455557
387,174,5.4307594
387,1578,5.42418
387,113,5.384739
387,609,5.378064
387,1130,5.3659143
388,250,5.4407916
388,165,5.2838
388,1012,5.259828
388,311,5.1099005
388,1231,5.0553036
388,1136,4.923587
388,1146,4.91204
388,643,4.8921986
388,611,4.859985
388,476,4.854602
388,688,4.832951
388,428,4.8317976
388,1088,4.817509
388,146,4.8091254
388,1485,4.8078513
388,189,4.804115
388,1123,4.7972693
388,1013,4.7767916
388,108,4.7726035
388,270,4.7597528
389,113,6.172752
389,47,5.93134
389,1114,5.7314897
389,996,5.6058292
389,406,5.600683
389,1578,5.5926595
389,432,5.5162477
389,314,5.509274
389,491,5.488569
389,610,5.4550734
389,197,5.424097
389,472,5.345945
389,1117,5.328019
389,850,5.32564
389,318,5.314475
389,1049,5.3073974
389,650,5.281481
389,118,5.2794104
389,749,5.268687
389,13,5.2636237
390,151,5.5229135
390,1114,5.3875694
390,250,5.342056
390,47,5.188151
390,188,5.0459146
390,432,5.036682
390,480,5.0300665
390,113,5.02663
390,132,4.993311
390,495,4.984637
390,749,4.9365788
390,662,4.9316792
390,610,4.9064655
390,891,4.891451
390,1010,4.877944
390,464,4.8700166
390,766,4.8288608
390,118,4.820254
390,742,4.810659
390,661,4.803224
391,218,5.7252135
391,742,5.5364976
391,1118,5.4883504
391,165,5.47589
391,1182,5.310748
391,916,5.2990327
391,392,5.2821627
391,1065,5.2675085
391,1033,5.232156
391,397,5.1993155
391,933,5.1833115
391,895,5.127938
391,343,5.107931
391,536,5.060667
391,26,5.052042
391,303,5.0421333
391,354,5.0257015
391,181,5.015621
391,891,4.995708
391,1264,4.9881973
392,688,5.387144
392,49,5.3716726
392,1582,5.176595
392,518,5.1041512
392,998,5.0836773
392,525,5.082152
392,421,5.082143
392,131,5.078433
392,807,5.0668406
392,1075,5.057706
392,528,5.0575047
392,1147,5.0009017
392,1444,4.9231663
392,27,4.898802
392,1352,4.87105
392,147,4.849921
392,215,4.844122
392,180,4.8192654
392,21,4.8132477
392,698,4.8017316
393,1226,5.8007817
393,749,5.7600865
393,168,5.5916524
393,250,5.5687156
393,188,5.496858
393,1106,5.345787
393,1111,5.318322
393,165,5.3139977
393,63,5.3046894
393,58,5.2148147
393,296,5.2011914
393,11,5.1899657
393,893,5.145948
393,309,5.1322765
393,1290,5.064412
393,406,5.0573525
393,741,5.055101
393,464,5.006937
393,1156,4.999284
393,766,4.9619303
394,1012,5.1968517
394,208,4.9927316
394,249,4.8155293
394,1352,4.8019066
394,445,4.8008
394,91,4.7325535
394,456,4.668824
394,1088,4.598379
394,16,4.5635777
394,652,4.525511
394,950,4.481411
394,1013,4.447143
394,218,4.4203234
394,1181,4.406793
394,514,4.404673
394,473,4.4038568
394,126,4.3993263
394,178,4.382118
394,501,4.377981
394,609,4.377749
395,132,6.2751937
395,514,6.0811977
395,1118,6.048895
395,165,5.8902035
395,914,5.795124
395,611,5.774637
395,766,5.7398562
395,432,5.602871
395,695,5.5851574
395,483,5.5748773
395,979,5.424157
395,268,5.420971
395,1182,5.418569
395,1010,5.3748274
395,188,5.373268
395,688,5.3431005
395,320,5.300049
395,232,5.281513
395,1181,5.2564144
395,183,5.2544956
396,342,5.710702
396,1330,5.2945533
396,893,5.2798376
396,645,5.275728
396,290,5.193709
396,50,5.1455607
396,309,5.0766106
396,742,4.952006
396,113,4.9488235
396,388,4.940046
396,511,4.8631964
396,661,4.8124013
396,99,4.7454357
396,8,4.723772
396,462,4.694238
396,914,4.5909414
396,522,4.5793514
396,674,4.5447984
396,428,4.5381675
396,222,4.5047836
397,1220,6.2804136
397,1140,5.6152368
397,645,5.430845
397,511,5.404597
397,1111,5.346485
397,915,5.340506
397,316,5.3317733
397,222,5.290656
397,1118,5.2540665
397,749,5.2382083
397,893,5.230688
397,647,5.2295504
397,169,5.224316
397,461,5.168434
397,1581,5.1479373
397,270,5.1307983
397,1011,5.108466
397,529,5.0857553
397,342,5.0635376
397,273,5.0617824
398,165,4.88638
398,316,4.7697783
398,355,4.691001
398,126,4.6815543
398,1485,4.6735754
398,171,4.6490235
398,97,4.6404967
398,295,4.6125607
398,1254,4.5968533
398,49,4.5395794
398,218,4.5318656
398,509,4.520975
398,168,4.5050316
398,164,4.4980984
398,189,4.4974475
398,649,4.4848223
398,392,4.4565835
398,714,4.429978
398,971,4.4298334
398,1330,4.407162
399,113,5.6881547
399,893,5.4549437
399,342,5.3814754
399,650,5.282259
399,47,5.114853
399,177,5.012778
399,314,4.9702644
399,388,4.933659
399,189,4.893841
399,673,4.8878803
399,526,4.8650756
399,1049,4.859908
399,1330,4.853667
399,344,4.8444347
399,914,4.816194
399,949,4.796342
399,1578,4.7923317
399,313,4.7905526
399,309,4.7892737
399,510,4.778788
400,937,5.496697
400,212,5.4959297
400,1118,5.37783
400,1011,5.3691134
400,1092,5.2838573
400,189,5.257352
400,390,5.1212835
400,928,5.055794
400,1054,5.021189
400,1330,5.018835
400,1220,4.9746437
400,653,4.9508147
400,830,4.9437423
400,954,4.9040413
400,241,4.891027
400,1190,4.869573
400,1140,4.80755
400,498,4.763387
400,97,4.761455
400,206,4.750309
401,165,5.4795804
401,132,5.4595585
401,186,5.349719
401,63,5.2933855
401,502,5.196278
401,1012,5.178358
401,208,5.122123
401,639,5.1173973
401,485,5.059
401,612,5.036196
401,344,5.0308523
401,1352,5.009301
401,113,5.0065746
401,168,5.001303
401,850,4.946128
401,1181,4.9315624
401,181,4.907104
401,646,4.8944182
401,655,4.8900123
401,162,4.8817286
402,937,5.4078765
402,587,5.196111
402,650,4.929334
402,108,4.8273306
402,337,4.7377944
402,380,4.6114173
402,645,4.595529
402,342,4.543742
402,47,4.4813995
402,106,4.4692545
402,399,4.465859
402,234,4.450398
402,331,4.4184313
402,767,4.409732
402,647,4.4070773
402,1291,4.3514357
402,1124,4.3462944
402,275,4.331253
402,341,4.2855196
402,1196,4.2787595
403,344,6.058579
403,1111,5.6419783
403,165,5.618709
403,611,5.5833764
403,168,5.5474114
403,914,5.531568
403,860,5.418418
403,541,5.414068
403,188,5.3919654
403,851,5.3457284
403,277,5.3222175
403,432,5.30626
403,850,5.29346
403,1205,5.288847
403,99,5.278696
403,1290,5.2747555
403,1578,5.266684
403,915,5.259476
403,714,5.251533
403,149,5.243448
404,937,5.271522
404,1118,5.249982
404,714,5.064884
404,1092,4.9981236
404,952,4.8883247
404,1140,4.88229
404,647,4.8488955
404,342,4.795993
404,498,4.7798305
404,688,4.76749
404,18,4.760721
404,1220,4.7480884
404,1075,4.72847
404,687,4.6814127
404,294,4.666297
404,807,4.6462045
404,99,4.624494
404,1153,4.588061
404,8,4.579684
404,599,4.5792146
405,714,6.9376473
405,971,6.6910467
405,514,6.5335336
405,766,6.514585
405,522,6.513975
405,235,6.3357286
405,688,6.2588224
405,1261,6.246016
405,1382,6.1194754
405,899,6.0320325
405,252,6.0233316
405,749,6.015406
405,18,5.970189
405,303,5.9452186
405,1154,5.9398828
405,1153,5.9261456
405,741,5.915977
405,85,5.9049788
405,1137,5.9012775
405,273,5.883035
406,218,6.054315
406,132,5.7411156
406,208,5.7319937
406,895,5.5616817
406,1012,5.5307245
406,456,5.5047865
406,126,5.395694
406,485,5.3903246
406,1352,5.3757515
406,609,5.288223
406,639,5.263766
406,652,5.2534995
406,355,5.201288
406,186,5.1894517
406,480,5.1808357
406,165,5.089365
406,211,5.0824556
406,655,5.070329
406,445,5.0542936
406,513,5.0519733
407,1118,5.856141
407,937,5.8521023
407,1054,5.6711545
407,390,5.4545045
407,719,5.333816
407,97,5.247216
407,498,5.2312546
407,486,5.194088
407,858,5.172675
407,691,5.143948
407,612,5.104399
407,494,5.088004
407,96,5.0426054
407,1190,5.014543
407,1011,5.011383
407,637,4.993021
407,38,4.969734
407,631,4.9582186
407,226,4.9404526
407,363,4.9210334
408,168,4.922586
408,186,4.8357983
408,113,4.831136
408,1114,4.7628355
408,749,4.73545
408,545,4.7118673
408,495,4.6822667
408,406,4.670114
408,1352,4.6487083
408,1578,4.6192923
408,47,4.6066213
408,487,4.5542974
408,605,4.520207
408,197,4.519239
408,177,4.4986296
408,277,4.490034
408,996,4.4736376
408,472,4.4644175
408,425,4.450059
408,313,4.438475
409,1220,5.4233885
409,1111,5.07874
409,169,5.0718513
409,915,5.057248
409,343,5.0508795
409,461,5.038127
409,1140,4.916393
409,49,4.8852654
409,1011,4.863304
409,97,4.8632846
409,645,4.8487353
409,21,4.8057065
409,316,4.7478423
409,749,4.741996
409,649,4.7195992
409,168,4.698066
409,1330,4.6872845
409,171,4.6685123
409,173,4.6462073
409,714,4.6271777
410,55,6.457901
410,10,5.6537747
410,650,5.6328144
410,126,5.6096954
410,191,5.600855
410,198,5.5686045
410,501,5.561968
410,1129,5.540205
410,355,5.4982057
410,509,5.4931574
410,155,5.445057
410,75,5.423258
410,156,5.3973684
410,204,5.3917522
410,41,5.3870735
410,171,5.3860455
410,523,5.3493924
410,528,5.345243
410,1064,5.3365517
410,97,5.335135
411,1146,5.3762364
411,505,5.3376126
411,1111,5.2890778
411,270,5.24479
411,311,5.2217813
411,1107,5.200592
411,250,5.1898804
411,165,5.1497316
411,650,5.1052246
411,248,5.0112267
411,541,5.007792
411,709,4.9768724
411,809,4.975873
411,256,4.9300847
411,849,4.919454
411,155,4.912284
411,295,4.906443
411,1254,4.8874598
411,1226,4.867416
411,587,4.867194
412,113,5.821482
412,893,5.72398
412,1010,5.401267
412,309,5.3973885
412,205,5.2235937
412,915,5.1578193
412,1114,5.120597
412,1430,5.0602884
412,1330,5.0359144
412,949,4.9993215
412,55,4.993908
412,88,4.9562826
412,749,4.922995
412,608,4.900459
412,645,4.8948846
412,996,4.8811073
412,650,4.852602
412,1226,4.8504987
412,222,4.804457
412,47,4.788607
413,196,4.715353
413,177,4.602
413,478,4.594682
413,642,4.569948
413,113,4.5492144
413,928,4.4801927
413,1011,4.445795
413,212,4.440101
413,486,4.3974724
413,1220,4.3391647
413,1330,4.297854
413,858,4.288959
413,788,4.2566223
413,197,4.2554245
413,184,4.235944
413,314,4.201092
413,355,4.18114
413,55,4.134938
413,343,4.1304092
413,749,4.1192927
414,1111,5.3933864
414,645,5.3421474
414,1578,5.1445193
414,527,5.129133
414,314,5.1205544
414,188,5.1115184
414,283,5.097047
414,1117,5.0778427
414,170,5.06175
414,915,4.9788895
414,191,4.8977017
414,355,4.8639593
414,749,4.819231
414,277,4.7478294
414,1003,4.737515
414,344,4.7267494
414,1238,4.7204657
414,1129,4.712567
414,291,4.6812305
414,998,4.648048
415,527,5.767611
415,126,5.4985933
415,113,5.4186826
415,127,5.3009267
415,55,5.295484
415,1117,5.287752
415,168,5.2206864
415,406,5.1211863
415,170,5.1054196
415,186,5.103173
415,1111,5.035432
415,11,5.035158
415,650,5.0269938
415,179,4.99715
415,344,4.954386
415,191,4.9213443
415,523,4.873254
415,582,4.868312
415,609,4.837124
415,1008,4.8263116
416,99,5.03943
416,1330,4.9114323
416,1124,4.898275
416,18,4.8781486
416,541,4.8624296
416,599,4.8437448
416,59,4.7896047
416,1485,4.755812
416,691,4.702193
416,646,4.672141
416,509,4.670754
416,63,4.617911
416,1292,4.616781
416,612,4.615354
416,698,4.6077476
416,746,4.6062837
416,1496,4.590504
416,344,4.583437
416,1441,4.5786967
416,1430,4.5740685
417,250,5.5939074
417,165,5.2147093
417,173,4.9836683
417,1146,4.8940096
417,172,4.8266745
417,171,4.819302
417,971,4.7772307
417,209,4.7751207
417,95,4.752884
417,256,4.733944
417,49,4.69415
417,383,4.682666
417,401,4.6728544
417,146,4.667493
417,587,4.6231904
417,749,4.601135
417,183,4.6003275
417,168,4.5769987
417,194,4.5736403
417,1182,4.5532813
418,914,5.5581875
418,1252,5.3669386
418,113,5.154241
418,177,5.1310105
418,390,5.0928454
418,517,5.0322666
418,478,4.999842
418,477,4.982959
418,342,4.937872
418,742,4.885349
418,482,4.8783903
418,1441,4.8760867
418,142,4.856924
418,491,4.8432374
418,601,4.838203
418,1118,4.7886624
418,313,4.7878857
418,490,4.7074957
418,970,4.7072544
418,425,4.702874
419,646,5.5026116
419,132,5.498513
419,611,5.4145584
419,655,5.2395654
419,659,5.1664944
419,612,5.1479187
419,210,5.128268
419,1394,5.126341
419,528,5.100235
419,198,5.1001153
419,524,5.0832624
419,1012,5.074253
419,509,5.015127
419,1190,5.010782
419,1141,4.9515553
419,746,4.9480543
419,1352,4.9451075
419,648,4.93111
419,858,4.8963523
419,502,4.889565
420,250,5.073257
420,308,4.884623
420,1012,4.873281
420,611,4.870705
420,194,4.834812
420,937,4.8171406
420,41,4.7970324
420,183,4.7626
420,165,4.7075896
420,311,4.7035737
420,270,4.6848774
420,1118,4.6793537
420,501,4.6488075
420,1264,4.607349
420,479,4.5759764
420,100,4.5192447
420,523,4.501708
420,316,4.4780483
420,172,4.47697
420,643,4.467155
421,509,5.6340156
421,63,5.566695
421,1485,5.5453854
421,1118,5.4819794
421,311,5.47157
421,295,5.4654303
421,1012,5.452856
421,189,5.4407625
421,316,5.409371
421,1330,5.3641076
421,950,5.354436
421,425,5.332039
421,100,5.2909966
421,653,5.278148
421,428,5.247388
421,1054,5.2356787
421,895,5.2282906
421,21,5.212708
421,165,5.210842
421,691,5.200337
422,849,6.0111933
422,536,5.9015937
422,331,5.864535
422,1485,5.8012257
422,906,5.716271
422,916,5.700008
422,1049,5.632244
422,643,5.6239576
422,971,5.622143
422,848,5.618848
422,1013,5.551981
422,464,5.5340905
422,1314,5.5305834
422,159,5.524794
422,467,5.498222
422,712,5.4863796
422,479,5.452872
422,661,5.432247
422,1068,5.405552
422,742,5.4014664
423,165,5.3068585
423,218,4.7833347
423,63,4.7781115
423,113,4.7226796
423,311,4.5552244
423,1033,4.5173526
423,192,4.454826
423,160,4.437145
423,228,4.410762
423,295,4.404296
423,86,4.38134
423,513,4.371079
423,980,4.3500094
423,738,4.343148
423,314,4.334717
423,1054,4.3284674
423,250,4.315508
423,406,4.3085346
423,1013,4.2803836
423,132,4.2738194
424,611,4.9333234
424,501,4.8651366
424,198,4.803505
424,168,4.7404385
424,609,4.703682
424,165,4.621111
424,528,4.616636
424,513,4.604571
424,998,4.6041803
424,523,4.5842934
424,164,4.5583344
424,485,4.540539
424,1129,4.5396953
424,606,4.5184236
424,509,4.508543
424,832,4.497258
424,957,4.4917035
424,476,4.482389
424,250,4.447906
424,191,4.4384303
425,456,6.327965
425,933,6.196953
425,65,6.0683584
425,63,6.0599976
425,165,6.0439873
425,954,5.878503
425,295,5.8777494
425,980,5.845458
425,841,5.814026
425,1207,5.802386
425,280,5.7784443
425,40,5.7427583
425,936,5.6670566
425,314,5.6485705
425,1033,5.598147
425,158,5.577902
425,144,5.521034
425,1109,5.519561
425,643,5.486246
425,1013,5.446432
426,250,5.599288
426,1010,5.319873
426,188,5.0928407
426,611,5.074373
426,1226,5.0496874
426,47,5.039389
426,749,5.036529
426,510,5.004415
426,1114,5.0011997
426,464,4.998721
426,1212,4.9946804
426,527,4.9945464
426,113,4.973316
426,610,4.9685316
426,741,4.9405737
426,205,4.842747
426,766,4.8326015
426,959,4.8218575
426,1111,4.819458
426,915,4.764025
427,123,5.5557904
427,897,5.54556
427,511,5.530469
427,1330,5.525349
427,283,5.521843
427,1430,5.4615607
427,1111,5.4491997
427,1525,5.409252
427,1441,5.380404
427,510,5.367675
427,882,5.2997675
427,55,5.2972374
427,509,5.2675576
427,58,5.2102375
427,314,5.1914787
427,196,5.1293135
427,1436,5.1143928
427,863,5.113438
427,177,5.1127424
427,118,5.103307
428,749,5.6767464
428,343,5.601682
428,505,5.5008974
428,1111,5.4639425
428,1254,5.432939
428,155,5.430527
428,848,5.380815
428,1330,5.3514566
428,1430,5.3391633
428,1525,5.298341
428,1220,5.292208
428,1441,5.2623715
428,915,5.2394915
428,47,5.219751
428,118,5.214365
428,1146,5.2052126
428,223,5.201494
428,1382,5.1998334
428,809,5.1700764
428,541,5.1467657
429,343,5.690981
429,1485,5.4999557
429,464,5.484732
429,895,5.4827805
429,639,5.417562
429,55,5.374793
429,512,5.361082
429,1441,5.3542967
429,848,5.354078
429,178,5.335006
429,1330,5.216653
429,1430,5.2043595
429,181,5.1844015
429,690,5.157779
429,198,5.135248
429,742,5.1152725
429,184,5.099676
429,610,5.0973415
429,1055,5.0897865
429,505,5.0876603
430,250,5.04823
430,270,4.795958
430,165,4.7731023
430,311,4.762236
430,173,4.7597084
430,55,4.6143866
430,168,4.546638
430,1010,4.4812207
430,501,4.415612
430,1485,4.3968964
430,283,4.363331
430,204,4.3525586
430,169,4.348609
430,355,4.3446765
430,164,4.3370523
430,746,4.332513
430,518,4.3306146
430,184,4.2920833
430,193,4.279795
430,832,4.2694654
431,522,5.8810005
431,1012,5.7796283
431,428,5.6504955
431,1231,5.5561466
431,1282,5.555489
431,683,5.5335445
431,695,5.4888954
431,691,5.4798336
431,1118,5.4750557
431,1190,5.434941
431,590,5.396886
431,1485,5.3955626
431,1013,5.3643355
431,1229,5.342556
431,18,5.327564
431,603,5.3098507
431,937,5.307438
431,342,5.306434
431,643,5.2977996
431,632,5.246791
432,1118,5.184354
432,937,5.0052896
432,342,4.912857
432,99,4.838114
432,1330,4.7900815
432,21,4.7857385
432,587,4.769389
432,714,4.7157726
432,1136,4.7010937
432,1075,4.6853027
432,18,4.661511
432,509,4.647612
432,55,4.6362505
432,807,4.6247745
432,599,4.594531
432,311,4.545756
432,518,4.5335517
432,446,4.513628
432,698,4.4913487
432,687,4.481445
433,509,4.947157
433,273,4.6857066
433,1092,4.594996
433,653,4.521333
433,27,4.50098
433,314,4.4738626
433,43,4.468329
433,190,4.446899
433,55,4.4411483
433,281,4.4191895
433,1330,4.4182353
433,937,4.3621864
433,494,4.3441334
433,63,4.3059225
433,68,4.298228
433,21,4.288294
433,1485,4.256682
433,215,4.242878
433,428,4.2420206
433,679,4.232067
434,165,5.4645543
434,311,5.445161
434,611,5.4351645
434,316,5.351187
434,270,5.2910337
434,646,5.255727
434,942,5.20825
434,494,5.1857176
434,132,5.1856666
434,414,5.1645994
434,250,5.1630416
434,747,5.133444
434,135,5.1202946
434,1118,5.0857477
434,183,5.0684166
434,746,5.0670857
434,612,5.0612187
434,214,5.0534472
434,578,5.0414658
434,1394,5.029868
435,132,6.16161
435,165,5.9037895
435,612,5.634937
435,1181,5.5842953
435,113,5.5578175
435,432,5.5485973
435,891,5.445588
435,297,5.4046245
435,639,5.3866625
435,55,5.3776803
435,851,5.339174
435,1352,5.3287525
435,495,5.3144255
435,485,5.309852
435,344,5.300011
435,5,5.262561
435,652,5.2369585
435,181,5.2254176
435,500,5.2129793
435,609,5.207751
436,198,4.971346
436,481,4.8670216
436,505,4.8661137
436,509,4.8560433
436,316,4.843955
436,283,4.8104467
436,177,4.7685585
436,311,4.7559247
436,601,4.7142754
436,496,4.68679
436,482,4.6446815
436,541,4.6356735
436,646,4.6141233
436,184,4.6062326
436,98,4.585602
436,186,4.5750456
436,270,4.5674567
436,655,4.56547
436,526,4.5515513
436,1477,4.550395
437,1485,5.220522
437,742,5.1700172
437,464,5.0719266
437,639,5.0184846
437,126,4.9090257
437,1330,4.896494
437,133,4.8948407
437,512,4.8918185
437,198,4.8674364
437,895,4.867043
437,1055,4.845782
437,181,4.8291283
437,428,4.8263674
437,63,4.8007245
437,485,4.7765036
437,113,4.7549825
437,186,4.7462387
437,1441,4.7191925
437,691,4.7164526
437,651,4.659996
438,1352,5.35083
438,1430,5.135321
438,1114,5.104912
438,485,5.0516443
438,1578,5.0437026
438,645,5.02424
438,609,5.006979
438,126,4.9801407
438,613,4.9782686
438,915,4.9739804
438,118,4.937486
438,113,4.919729
438,1330,4.9035587
438,223,4.8557873
438,1011,4.8557587
438,1111,4.824439
438,1581,4.817437
438,714,4.8060746
438,848,4.7926965
438,636,4.785907
439,113,5.887129
439,893,5.7217097
439,296,5.522534
439,749,5.366648
439,1010,5.3024187
439,142,5.269429
439,495,5.218413
439,309,5.150749
439,484,5.1474733
439,569,5.036695
439,914,5.0191665
439,168,5.0187397
439,432,4.9961553
439,897,4.953991
439,587,4.9334445
439,390,4.918
439,291,4.861457
439,406,4.8426576
439,362,4.836662
439,272,4.799565
440,338,5.112473
440,1118,5.077128
440,509,5.0581512
440,1088,5.046564
440,612,5.011298
440,599,5.0069876
440,654,4.9555383
440,311,4.944743
440,950,4.937841
440,306,4.9336114
440,1012,4.9244113
440,100,4.9126854
440,839,4.8225737
440,929,4.8018193
440,322,4.7965927
440,945,4.7862206
440,849,4.778664
440,96,4.769908
440,714,4.7307014
440,691,4.720615
441,1118,5.5264955
441,1182,5.489999
441,1033,5.126982
441,397,5.0916786
441,392,5.071121
441,683,4.947764
441,1123,4.880209
441,33,4.8240485
441,376,4.78419
441,400,4.7509294
441,772,4.732555
441,250,4.6837683
441,738,4.6815424
441,254,4.6535416
441,522,4.642183
441,933,4.642082
441,1248,4.6201067
441,331,4.6143928
441,643,4.6141806
441,937,4.597995
442,342,6.182158
442,63,5.571011
442,283,5.4649916
442,188,5.4284534
442,406,5.3704443
442,899,5.326451
442,1111,5.323433
442,168,5.3168664
442,291,5.2587533
442,165,5.235644
442,99,5.2317863
442,491,5.217227
442,13,5.2124763
442,9,5.1910434
442,612,5.1548147
442,11,5.1501474
442,1205,5.127576
442,136,5.1012626
442,1174,5.099104
442,528,5.0922523
443,1118,5.6672688
443,933,5.5978427
443,100,5.543246
443,189,5.4607067
443,1485,5.424717
443,428,5.33148
443,1136,5.325911
443,295,5.3203564
443,839,5.28176
443,456,5.2768593
443,1330,5.2434397
443,425,5.2113705
443,643,5.209769
443,316,5.2078085
443,1033,5.204141
443,211,5.1331
443,331,5.116978
443,895,5.107622
443,108,5.1052113
443,916,5.0928626
444,1118,6.310517
444,937,5.843618
444,130,5.5304556
444,719,5.481684
444,858,5.38956
444,631,5.3858047
444,486,5.383603
444,498,5.3398
444,1054,5.305142
444,390,5.2634926
444,1013,5.2261763
444,895,5.1995983
444,96,5.1740294
444,629,5.1665087
444,38,5.147124
444,712,5.119923
444,637,5.101566
444,642,5.073491
444,1190,5.0608244
444,363,5.0497403
445,461,5.9366474
445,1220,5.592368
445,714,5.5852084
445,915,5.5298147
445,1141,5.469256
445,1578,5.4572105
445,1581,5.4530597
445,181,5.4071975
445,342,5.377182
445,1441,5.3699203
445,691,5.293113
445,766,5.292087
445,47,5.265972
445,483,5.265591
445,343,5.260578
445,1330,5.247588
445,851,5.205453
445,338,5.2051473
445,639,5.196078
445,303,5.1830816
446,196,5.0597086
446,1330,5.000009
446,123,4.9637647
446,1430,4.93622
446,511,4.8869233
446,1485,4.8867106
446,477,4.8710303
446,184,4.846298
446,425,4.8159633
446,314,4.808366
446,478,4.7888083
446,482,4.7798834
446,177,4.776507
446,133,4.7653704
446,601,4.739695
446,283,4.7379103
446,1441,4.7188497
446,1525,4.654401
446,491,4.6448727
446,388,4.632347
447,1000,5.874917
447,1220,5.8265758
447,749,5.779572
447,1140,5.660308
447,587,5.648576
447,1011,5.6161623
447,1182,5.5826783
447,113,5.5329657
447,1409,5.4013987
447,390,5.3861094
447,937,5.382946
447,674,5.374649
447,1092,5.3151813
447,893,5.2653136
447,741,5.192468
447,1248,5.165478
447,742,5.14916
447,197,5.143717
447,1035,5.132088
447,397,5.118884
448,714,5.3777537
448,261,5.3343287
448,1147,5.2750764
448,691,5.1990066
448,1088,5.144685
448,1124,5.1064377
448,1231,5.0987263
448,632,5.0985823
448,1229,5.061729
448,612,5.0411224
448,1012,5.0293055
448,59,5.0276604
448,178,4.9793463
448,950,4.964445
448,434,4.9375615
448,789,4.9310718
448,241,4.9176254
448,133,4.89159
448,644,4.8886857
448,839,4.885333
449,612,5.996977
449,1352,5.6239758
449,165,5.566957
449,613,5.5536127
449,241,5.3988867
449,646,5.384462
449,97,5.3517795
449,1582,5.3489375
449,501,5.256815
449,1566,5.202593
449,47,5.199701
449,528,5.195773
449,162,5.193709
449,1011,5.1750937
449,609,5.1552486
449,1118,5.1513314
449,355,5.147256
449,1208,5.140981
449,652,5.139531
449,1180,5.1281433
450,1118,5.5996275
450,1182,5.386718
450,1207,5.3173933
450,392,5.179741
450,536,5.167696
450,1033,5.0337005
450,124,5.0155835
450,716,4.915843
450,629,4.902124
450,937,4.8948717
450,916,4.824772
450,343,4.7927976
450,777,4.7873926
450,1013,4.760471
450,1011,4.7538433
450,268,4.712347
450,505,4.692821
450,638,4.6744857
450,113,4.6721897
450,370,4.656912
451,344,6.20362
451,445,6.0526943
451,652,5.636839
451,277,5.5314465
451,611,5.5166326
451,501,5.48994
451,609,5.4897084
451,914,5.42661
451,208,5.414242
451,132,5.374275
451,355,5.3029265
451,100,5.2867446
451,149,5.238889
451,513,5.2365894
451,168,5.2333784
451,809,5.1500416
451,639,5.1469088
451,178,5.146851
451,1012,5.138701
451,198,5.1218433
